Workbook

Sheet Aceros_DIN
A1: BARRAS DE ACERO / BETONSTAHL — B500B según DIN 488
A2: Acero B500B: f_yk = 500 N/mm² · f_yd = f_yk/1,15 = 435 N/mm² · E_s = 200 000 N/mm² · ρ = 7850 kg/m³
A4: 1. Propiedades por barra / Eigenschaften je Stab
A5: Denominación / Bezeichnung | B5: d_s [mm] | C5: A_s [mm²] | D5: A_s [cm²] | E5: Perímetro u_s [mm] | F5: Masa / Masse [kg/m]
A6: ="Ø "&B6 -> Ø 6 | B6: 6 | C6: =PI()*B6^2/4 -> 28.274334 | D6: =C6/100 -> 0.28274334 | E6: =PI()*B6 -> 18.849556 | F6: =0.00785*C6 -> 0.22195352
A7: ="Ø "&B7 -> Ø 8 | B7: 8 | C7: =PI()*B7^2/4 -> 50.265482 | D7: =C7/100 -> 0.50265482 | E7: =PI()*B7 -> 25.132741 | F7: =0.00785*C7 -> 0.39458404
A8: ="Ø "&B8 -> Ø 10 | B8: 10 | C8: =PI()*B8^2/4 -> 78.539816 | D8: =C8/100 -> 0.78539816 | E8: =PI()*B8 -> 31.415927 | F8: =0.00785*C8 -> 0.61653756
A9: ="Ø "&B9 -> Ø 12 | B9: 12 | C9: =PI()*B9^2/4 -> 113.09734 | D9: =C9/100 -> 1.1309734 | E9: =PI()*B9 -> 37.699112 | F9: =0.00785*C9 -> 0.88781408
A10: ="Ø "&B10 -> Ø 14 | B10: 14 | C10: =PI()*B10^2/4 -> 153.93804 | D10: =C10/100 -> 1.5393804 | E10: =PI()*B10 -> 43.982297 | F10: =0.00785*C10 -> 1.2084136
A11: ="Ø "&B11 -> Ø 16 | B11: 16 | C11: =PI()*B11^2/4 -> 201.06193 | D11: =C11/100 -> 2.0106193 | E11: =PI()*B11 -> 50.265482 | F11: =0.00785*C11 -> 1.5783361
A12: ="Ø "&B12 -> Ø 20 | B12: 20 | C12: =PI()*B12^2/4 -> 314.15927 | D12: =C12/100 -> 3.1415927 | E12: =PI()*B12 -> 62.831853 | F12: =0.00785*C12 -> 2.4661502
A13: ="Ø "&B13 -> Ø 25 | B13: 25 | C13: =PI()*B13^2/4 -> 490.87385 | D13: =C13/100 -> 4.9087385 | E13: =PI()*B13 -> 78.539816 | F13: =0.00785*C13 -> 3.8533597
A14: ="Ø "&B14 -> Ø 28 | B14: 28 | C14: =PI()*B14^2/4 -> 615.75216 | D14: =C14/100 -> 6.1575216 | E14: =PI()*B14 -> 87.964594 | F14: =0.00785*C14 -> 4.8336545
A15: ="Ø "&B15 -> Ø 32 | B15: 32 | C15: =PI()*B15^2/4 -> 804.24772 | D15: =C15/100 -> 8.0424772 | E15: =PI()*B15 -> 100.53096 | F15: =0.00785*C15 -> 6.3133446
A16: ="Ø "&B16 -> Ø 40 | B16: 40 | C16: =PI()*B16^2/4 -> 1256.6371 | D16: =C16/100 -> 12.566371 | E16: =PI()*B16 -> 125.66371 | F16: =0.00785*C16 -> 9.8646009
A18: 2. Área total A_s [cm²] para n barras / Gesamtquerschnitt für n Stäbe
A19: Ø \ n barras | B19: 1 | C19: 2 | D19: 3 | E19: 4 | F19: 5 | G19: 6 | H19: 7 | I19: 8 | J19: 9 | K19: 10
A20: =A6 -> Ø 6 | B20: =B$19*PI()*$B6^2/4/100 -> 0.28274334 | C20: =C$19*PI()*$B6^2/4/100 -> 0.56548668 | D20: =D$19*PI()*$B6^2/4/100 -> 0.84823002 | E20: =E$19*PI()*$B6^2/4/100 -> 1.1309734 | F20: =F$19*PI()*$B6^2/4/100 -> 1.4137167 | G20: =G$19*PI()*$B6^2/4/100 -> 1.69646 | H20: =H$19*PI()*$B6^2/4/100 -> 1.9792034 | I20: =I$19*PI()*$B6^2/4/100 -> 2.2619467 | ... K20: =K$19*PI()*$B6^2/4/100 -> 2.8274334
A21: =A7 -> Ø 8 | B21: =B$19*PI()*$B7^2/4/100 -> 0.50265482 | C21: =C$19*PI()*$B7^2/4/100 -> 1.0053096 | D21: =D$19*PI()*$B7^2/4/100 -> 1.5079645 | E21: =E$19*PI()*$B7^2/4/100 -> 2.0106193 | F21: =F$19*PI()*$B7^2/4/100 -> 2.5132741 | G21: =G$19*PI()*$B7^2/4/100 -> 3.0159289 | H21: =H$19*PI()*$B7^2/4/100 -> 3.5185838 | I21: =I$19*PI()*$B7^2/4/100 -> 4.0212386 | ... K21: =K$19*PI()*$B7^2/4/100 -> 5.0265482
A22: =A8 -> Ø 10 | B22: =B$19*PI()*$B8^2/4/100 -> 0.78539816 | C22: =C$19*PI()*$B8^2/4/100 -> 1.5707963 | D22: =D$19*PI()*$B8^2/4/100 -> 2.3561945 | E22: =E$19*PI()*$B8^2/4/100 -> 3.1415927 | F22: =F$19*PI()*$B8^2/4/100 -> 3.9269908 | G22: =G$19*PI()*$B8^2/4/100 -> 4.712389 | H22: =H$19*PI()*$B8^2/4/100 -> 5.4977871 | I22: =I$19*PI()*$B8^2/4/100 -> 6.2831853 | ... K22: =K$19*PI()*$B8^2/4/100 -> 7.8539816
A23: =A9 -> Ø 12 | B23: =B$19*PI()*$B9^2/4/100 -> 1.1309734 | C23: =C$19*PI()*$B9^2/4/100 -> 2.2619467 | D23: =D$19*PI()*$B9^2/4/100 -> 3.3929201 | E23: =E$19*PI()*$B9^2/4/100 -> 4.5238934 | F23: =F$19*PI()*$B9^2/4/100 -> 5.6548668 | G23: =G$19*PI()*$B9^2/4/100 -> 6.7858401 | H23: =H$19*PI()*$B9^2/4/100 -> 7.9168135 | I23: =I$19*PI()*$B9^2/4/100 -> 9.0477868 | ... K23: =K$19*PI()*$B9^2/4/100 -> 11.309734
A24: =A10 -> Ø 14 | B24: =B$19*PI()*$B10^2/4/100 -> 1.5393804 | C24: =C$19*PI()*$B10^2/4/100 -> 3.0787608 | D24: =D$19*PI()*$B10^2/4/100 -> 4.6181412 | E24: =E$19*PI()*$B10^2/4/100 -> 6.1575216 | F24: =F$19*PI()*$B10^2/4/100 -> 7.696902 | G24: =G$19*PI()*$B10^2/4/100 -> 9.2362824 | H24: =H$19*PI()*$B10^2/4/100 -> 10.775663 | I24: =I$19*PI()*$B10^2/4/100 -> 12.315043 | ... K24: =K$19*PI()*$B10^2/4/100 -> 15.393804
A25: =A11 -> Ø 16 | B25: =B$19*PI()*$B11^2/4/100 -> 2.0106193 | C25: =C$19*PI()*$B11^2/4/100 -> 4.0212386 | D25: =D$19*PI()*$B11^2/4/100 -> 6.0318579 | E25: =E$19*PI()*$B11^2/4/100 -> 8.0424772 | F25: =F$19*PI()*$B11^2/4/100 -> 10.053096 | G25: =G$19*PI()*$B11^2/4/100 -> 12.063716 | H25: =H$19*PI()*$B11^2/4/100 -> 14.074335 | I25: =I$19*PI()*$B11^2/4/100 -> 16.084954 | ... K25: =K$19*PI()*$B11^2/4/100 -> 20.106193
A26: =A12 -> Ø 20 | B26: =B$19*PI()*$B12^2/4/100 -> 3.1415927 | C26: =C$19*PI()*$B12^2/4/100 -> 6.2831853 | D26: =D$19*PI()*$B12^2/4/100 -> 9.424778 | E26: =E$19*PI()*$B12^2/4/100 -> 12.566371 | F26: =F$19*PI()*$B12^2/4/100 -> 15.707963 | G26: =G$19*PI()*$B12^2/4/100 -> 18.849556 | H26: =H$19*PI()*$B12^2/4/100 -> 21.991149 | I26: =I$19*PI()*$B12^2/4/100 -> 25.132741 | ... K26: =K$19*PI()*$B12^2/4/100 -> 31.415927
A27: =A13 -> Ø 25 | B27: =B$19*PI()*$B13^2/4/100 -> 4.9087385 | C27: =C$19*PI()*$B13^2/4/100 -> 9.817477 | D27: =D$19*PI()*$B13^2/4/100 -> 14.726216 | E27: =E$19*PI()*$B13^2/4/100 -> 19.634954 | F27: =F$19*PI()*$B13^2/4/100 -> 24.543693 | G27: =G$19*PI()*$B13^2/4/100 -> 29.452431 | H27: =H$19*PI()*$B13^2/4/100 -> 34.36117 | I27: =I$19*PI()*$B13^2/4/100 -> 39.269908 | ... K27: =K$19*PI()*$B13^2/4/100 -> 49.087385
A28: =A14 -> Ø 28 | B28: =B$19*PI()*$B14^2/4/100 -> 6.1575216 | C28: =C$19*PI()*$B14^2/4/100 -> 12.315043 | D28: =D$19*PI()*$B14^2/4/100 -> 18.472565 | E28: =E$19*PI()*$B14^2/4/100 -> 24.630086 | F28: =F$19*PI()*$B14^2/4/100 -> 30.787608 | G28: =G$19*PI()*$B14^2/4/100 -> 36.94513 | H28: =H$19*PI()*$B14^2/4/100 -> 43.102651 | I28: =I$19*PI()*$B14^2/4/100 -> 49.260173 | ... K28: =K$19*PI()*$B14^2/4/100 -> 61.575216
A29: =A15 -> Ø 32 | B29: =B$19*PI()*$B15^2/4/100 -> 8.0424772 | C29: =C$19*PI()*$B15^2/4/100 -> 16.084954 | D29: =D$19*PI()*$B15^2/4/100 -> 24.127432 | E29: =E$19*PI()*$B15^2/4/100 -> 32.169909 | F29: =F$19*PI()*$B15^2/4/100 -> 40.212386 | G29: =G$19*PI()*$B15^2/4/100 -> 48.254863 | H29: =H$19*PI()*$B15^2/4/100 -> 56.29734 | I29: =I$19*PI()*$B15^2/4/100 -> 64.339818 | ... K29: =K$19*PI()*$B15^2/4/100 -> 80.424772
A30: =A16 -> Ø 40 | B30: =B$19*PI()*$B16^2/4/100 -> 12.566371 | C30: =C$19*PI()*$B16^2/4/100 -> 25.132741 | D30: =D$19*PI()*$B16^2/4/100 -> 37.699112 | E30: =E$19*PI()*$B16^2/4/100 -> 50.265482 | F30: =F$19*PI()*$B16^2/4/100 -> 62.831853 | G30: =G$19*PI()*$B16^2/4/100 -> 75.398224 | H30: =H$19*PI()*$B16^2/4/100 -> 87.964594 | I30: =I$19*PI()*$B16^2/4/100 -> 100.53096 | ... K30: =K$19*PI()*$B16^2/4/100 -> 125.66371
A33: 3. Clases de hormigón / Betonfestigkeitsklassen (DIN EN 1992-1-1, Tab. 3.1)
A34: Clase / Klasse | B34: f_ck [N/mm²] | C34: f_ck,cube | D34: f_ctm [N/mm²] | E34: f_ctk;0,05 | F34: E_cm [N/mm²]
A35: C12/15 | B35: 12 | C35: 15 | D35: =0.3*B35^(2/3) -> 1.5724448 | E35: =0.7*D35 -> 1.1007114 | F35: =22000*((B35+8)/10)^0.3 -> 27085.177
A36: C16/20 | B36: 16 | C36: 20 | D36: =0.3*B36^(2/3) -> 1.9048813 | E36: =0.7*D36 -> 1.3334169 | F36: =22000*((B36+8)/10)^0.3 -> 28607.905
A37: C20/25 | B37: 20 | C37: 25 | D37: =0.3*B37^(2/3) -> 2.2104189 | E37: =0.7*D37 -> 1.5472932 | F37: =22000*((B37+8)/10)^0.3 -> 29961.951
A38: C25/30 | B38: 25 | C38: 30 | D38: =0.3*B38^(2/3) -> 2.5649639 | E38: =0.7*D38 -> 1.7954747 | F38: =22000*((B38+8)/10)^0.3 -> 31475.806
A39: C30/37 | B39: 30 | C39: 37 | D39: =0.3*B39^(2/3) -> 2.8964682 | E39: =0.7*D39 -> 2.0275277 | F39: =22000*((B39+8)/10)^0.3 -> 32836.568
A40: C35/45 | B40: 35 | C40: 45 | D40: =0.3*B40^(2/3) -> 3.2099624 | E40: =0.7*D40 -> 2.2469737 | F40: =22000*((B40+8)/10)^0.3 -> 34077.146
A41: C40/50 | B41: 40 | C41: 50 | D41: =0.3*B41^(2/3) -> 3.5088213 | E41: =0.7*D41 -> 2.4561749 | F41: =22000*((B41+8)/10)^0.3 -> 35220.462
A42: C45/55 | B42: 45 | C42: 55 | D42: =0.3*B42^(2/3) -> 3.795447 | E42: =0.7*D42 -> 2.6568129 | F42: =22000*((B42+8)/10)^0.3 -> 36283.188
A43: C50/60 | B43: 50 | C43: 60 | D43: =0.3*B43^(2/3) -> 4.0716264 | E43: =0.7*D43 -> 2.8501385 | F43: =22000*((B43+8)/10)^0.3 -> 37277.869
A45: 4. Acero de refuerzo / Betonstahlsorten (DIN 488)
A46: Tipo / Sorte | B46: f_yk [N/mm²] | C46: ε_ud [‰] | D46: (f_t/f_y)k | E46: Ductilidad / Duktilität
A47: B500A | B47: 500 | C47: 25 | D47: 1.05 | E47: normal
A48: B500B | B48: 500 | C48: 25 | D48: 1.08 | E48: alta / hoch
A49: B500C | B49: 500 | C49: 25 | D49: 1.15 | E49: muy alta / sehr hoch
A51: 5. Equivalencia con barras americanas / Vergleich mit US-Bewehrung (ASTM A615)
A52: US # | B52: Métrico No. | C52: d [in] | D52: d [mm] | E52: A [in²] | F52: A [mm²] | G52: A [cm²] | H52: Masa [kg/m] | I52: ≈ Ø DIN
A53: #3 | B53: No. 10 | C53: 0.375 | D53: =C53*25.4 -> 9.525 | E53: 0.11 | F53: =E53*645.16 -> 70.9676 | G53: =F53/100 -> 0.709676 | H53: =0.00785*F53 -> 0.55709566 | I53: Ø 10
A54: #4 | B54: No. 13 | C54: 0.5 | D54: =C54*25.4 -> 12.7 | E54: 0.2 | F54: =E54*645.16 -> 129.032 | G54: =F54/100 -> 1.29032 | H54: =0.00785*F54 -> 1.0129012 | I54: Ø 12
A55: #5 | B55: No. 16 | C55: 0.625 | D55: =C55*25.4 -> 15.875 | E55: 0.31 | F55: =E55*645.16 -> 199.9996 | G55: =F55/100 -> 1.999996 | H55: =0.00785*F55 -> 1.5699969 | I55: Ø 16
A56: #6 | B56: No. 19 | C56: 0.75 | D56: =C56*25.4 -> 19.05 | E56: 0.44 | F56: =E56*645.16 -> 283.8704 | G56: =F56/100 -> 2.838704 | H56: =0.00785*F56 -> 2.2283826 | I56: Ø 20
A57: #7 | B57: No. 22 | C57: 0.875 | D57: =C57*25.4 -> 22.225 | E57: 0.6 | F57: =E57*645.16 -> 387.096 | G57: =F57/100 -> 3.87096 | H57: =0.00785*F57 -> 3.0387036 | I57: Ø 20–22
A58: #8 | B58: No. 25 | C58: 1 | D58: =C58*25.4 -> 25.4 | E58: 0.79 | F58: =E58*645.16 -> 509.6764 | G58: =F58/100 -> 5.096764 | H58: =0.00785*F58 -> 4.0009597 | I58: Ø 25
A59: #9 | B59: No. 29 | C59: 1.128 | D59: =C59*25.4 -> 28.6512 | E59: 1 | F59: =E59*645.16 -> 645.16 | G59: =F59/100 -> 6.4516 | H59: =0.00785*F59 -> 5.064506 | I59: Ø 28
A60: #10 | B60: No. 32 | C60: 1.27 | D60: =C60*25.4 -> 32.258 | E60: 1.27 | F60: =E60*645.16 -> 819.3532 | G60: =F60/100 -> 8.193532 | H60: =0.00785*F60 -> 6.4319226 | I60: Ø 32
A61: #11 | B61: No. 36 | C61: 1.41 | D61: =C61*25.4 -> 35.814 | E61: 1.56 | F61: =E61*645.16 -> 1006.4496 | G61: =F61/100 -> 10.064496 | H61: =0.00785*F61 -> 7.9006294 | I61: Ø 32–36
A62: #14 | B62: No. 43 | C62: 1.693 | D62: =C62*25.4 -> 43.0022 | E62: 2.25 | F62: =E62*645.16 -> 1451.61 | G62: =F62/100 -> 14.5161 | H62: =0.00785*F62 -> 11.395138 | I62: Ø 40
A63: #18 | B63: No. 57 | C63: 2.257 | D63: =C63*25.4 -> 57.3278 | E63: 4 | F63: =E63*645.16 -> 2580.64 | G63: =F63/100 -> 25.8064 | H63: =0.00785*F63 -> 20.258024 | I63: > Ø 40
A66: 6. Longitudes de anclaje, gancho y solape — Eurocódigo 2 (DIN EN 1992-1-1, §8.4 / 8.7)
A67: Clase de hormigón (selector): | C67: C25/30
A68: f_ck | C68: =_xlfn.XLOOKUP(C67,$A$35:$A$43,$B$35:$B$43) -> 25 | D68: N/mm²
A69: f_ctm | C69: =_xlfn.XLOOKUP(C67,$A$35:$A$43,$D$35:$D$43) -> 2.5649639 | D69: N/mm²
A70: f_ctd = 0,7·f_ctm/γc | C70: =0.7*C69/1.5 -> 1.1969832 | D70: N/mm²
A71: f_bd = 2,25·f_ctd (buena adher., Ø≤32) | C71: =2.25*C70 -> 2.6932121 | D71: N/mm²
A72: f_yd = f_yk/γs (B500, σ_sd = f_yd) | C72: =500/1.15 -> 434.78261 | D72: N/mm²
A73: Hipótesis: buena adherencia (η1=1,0); barra totalmente traccionada; solape >50% → α6=1,5; η₂=(132−Ø)/100 si Ø>32.
A74: Ø [mm] | B74: l_b,rqd [mm] | C74: l_bd recto [mm] | D74: l_bd gancho [mm] | E74: l_0 solape [mm] | F74: l_0/Ø
A75: 6 | B75: =(A75/4)*$C$72/($C$71*IF(A75>32,(132-A75)/100,1)) -> 242.15468 | C75: =MAX(B75,0.3*B75,10*A75,100) -> 242.15468 | D75: =MAX(0.7*B75,0.3*B75,10*A75,100) -> 169.50827 | E75: =MAX(1.5*B75,0.45*B75,15*A75,200) -> 363.23202 | F75: =E75/A75 -> 60.53867
A76: 8 | B76: =(A76/4)*$C$72/($C$71*IF(A76>32,(132-A76)/100,1)) -> 322.8729 | C76: =MAX(B76,0.3*B76,10*A76,100) -> 322.8729 | D76: =MAX(0.7*B76,0.3*B76,10*A76,100) -> 226.01103 | E76: =MAX(1.5*B76,0.45*B76,15*A76,200) -> 484.30936 | F76: =E76/A76 -> 60.53867
A77: 10 | B77: =(A77/4)*$C$72/($C$71*IF(A77>32,(132-A77)/100,1)) -> 403.59113 | C77: =MAX(B77,0.3*B77,10*A77,100) -> 403.59113 | D77: =MAX(0.7*B77,0.3*B77,10*A77,100) -> 282.51379 | E77: =MAX(1.5*B77,0.45*B77,15*A77,200) -> 605.3867 | F77: =E77/A77 -> 60.53867
A78: 12 | B78: =(A78/4)*$C$72/($C$71*IF(A78>32,(132-A78)/100,1)) -> 484.30936 | C78: =MAX(B78,0.3*B78,10*A78,100) -> 484.30936 | D78: =MAX(0.7*B78,0.3*B78,10*A78,100) -> 339.01655 | E78: =MAX(1.5*B78,0.45*B78,15*A78,200) -> 726.46403 | F78: =E78/A78 -> 60.53867
A79: 14 | B79: =(A79/4)*$C$72/($C$71*IF(A79>32,(132-A79)/100,1)) -> 565.02758 | C79: =MAX(B79,0.3*B79,10*A79,100) -> 565.02758 | D79: =MAX(0.7*B79,0.3*B79,10*A79,100) -> 395.51931 | E79: =MAX(1.5*B79,0.45*B79,15*A79,200) -> 847.54137 | F79: =E79/A79 -> 60.53867
A80: 16 | B80: =(A80/4)*$C$72/($C$71*IF(A80>32,(132-A80)/100,1)) -> 645.74581 | C80: =MAX(B80,0.3*B80,10*A80,100) -> 645.74581 | D80: =MAX(0.7*B80,0.3*B80,10*A80,100) -> 452.02207 | E80: =MAX(1.5*B80,0.45*B80,15*A80,200) -> 968.61871 | F80: =E80/A80 -> 60.53867
A81: 20 | B81: =(A81/4)*$C$72/($C$71*IF(A81>32,(132-A81)/100,1)) -> 807.18226 | C81: =MAX(B81,0.3*B81,10*A81,100) -> 807.18226 | D81: =MAX(0.7*B81,0.3*B81,10*A81,100) -> 565.02758 | E81: =MAX(1.5*B81,0.45*B81,15*A81,200) -> 1210.7734 | F81: =E81/A81 -> 60.53867
A82: 25 | B82: =(A82/4)*$C$72/($C$71*IF(A82>32,(132-A82)/100,1)) -> 1008.9778 | C82: =MAX(B82,0.3*B82,10*A82,100) -> 1008.9778 | D82: =MAX(0.7*B82,0.3*B82,10*A82,100) -> 706.28448 | E82: =MAX(1.5*B82,0.45*B82,15*A82,200) -> 1513.4667 | F82: =E82/A82 -> 60.53867
A83: 28 | B83: =(A83/4)*$C$72/($C$71*IF(A83>32,(132-A83)/100,1)) -> 1130.0552 | C83: =MAX(B83,0.3*B83,10*A83,100) -> 1130.0552 | D83: =MAX(0.7*B83,0.3*B83,10*A83,100) -> 791.03862 | E83: =MAX(1.5*B83,0.45*B83,15*A83,200) -> 1695.0827 | F83: =E83/A83 -> 60.53867
A84: 32 | B84: =(A84/4)*$C$72/($C$71*IF(A84>32,(132-A84)/100,1)) -> 1291.4916 | C84: =MAX(B84,0.3*B84,10*A84,100) -> 1291.4916 | D84: =MAX(0.7*B84,0.3*B84,10*A84,100) -> 904.04413 | E84: =MAX(1.5*B84,0.45*B84,15*A84,200) -> 1937.2374 | F84: =E84/A84 -> 60.53867
A85: 40 | B85: =(A85/4)*$C$72/($C$71*IF(A85>32,(132-A85)/100,1)) -> 1754.744 | C85: =MAX(B85,0.3*B85,10*A85,100) -> 1754.744 | D85: =MAX(0.7*B85,0.3*B85,10*A85,100) -> 1228.3208 | E85: =MAX(1.5*B85,0.45*B85,15*A85,200) -> 2632.1161 | F85: =E85/A85 -> 65.802902
A88: 7. Longitudes de desarrollo, gancho y solape — ACI 318-19
A89: f'c (de la clase seleccionada arriba) | C89: =C68*145.038 -> 3625.95 | D89: psi
A90: f_y (Grade 60 = 60000; B500 ≈ Grade 75) | C90: 60000 | D90: psi
A91: Hipótesis: λ=1 (peso normal); ψt=ψe=ψs=1; empalme Clase B = 1,3·l_d; gancho l_dh = 0,02·f_y/(λ√f'c)·d_b.
A92: US # | B92: d_b [in] | C92: Ø≈ [mm] | D92: l_d [mm] | E92: l_dh gancho [mm] | F92: l_0 Clase B [mm]
A93: =A53 -> #3 | B93: =C53 -> 0.375 | C93: =D53 -> 9.525 | D93: =($C$90/(IF(B93<=0.75,25,20)*SQRT($C$89)))*B93*25.4 -> 379.63419 | E93: =(0.02*$C$90/SQRT($C$89))*B93*25.4 -> 189.8171 | F93: =1.3*D93 -> 493.52445
A94: =A54 -> #4 | B94: =C54 -> 0.5 | C94: =D54 -> 12.7 | D94: =($C$90/(IF(B94<=0.75,25,20)*SQRT($C$89)))*B94*25.4 -> 506.17892 | E94: =(0.02*$C$90/SQRT($C$89))*B94*25.4 -> 253.08946 | F94: =1.3*D94 -> 658.0326
A95: =A55 -> #5 | B95: =C55 -> 0.625 | C95: =D55 -> 15.875 | D95: =($C$90/(IF(B95<=0.75,25,20)*SQRT($C$89)))*B95*25.4 -> 632.72365 | E95: =(0.02*$C$90/SQRT($C$89))*B95*25.4 -> 316.36183 | F95: =1.3*D95 -> 822.54075
A96: =A56 -> #6 | B96: =C56 -> 0.75 | C96: =D56 -> 19.05 | D96: =($C$90/(IF(B96<=0.75,25,20)*SQRT($C$89)))*B96*25.4 -> 759.26838 | E96: =(0.02*$C$90/SQRT($C$89))*B96*25.4 -> 379.63419 | F96: =1.3*D96 -> 987.0489
A97: =A57 -> #7 | B97: =C57 -> 0.875 | C97: =D57 -> 22.225 | D97: =($C$90/(IF(B97<=0.75,25,20)*SQRT($C$89)))*B97*25.4 -> 1107.2664 | E97: =(0.02*$C$90/SQRT($C$89))*B97*25.4 -> 442.90656 | F97: =1.3*D97 -> 1439.4463
A98: =A58 -> #8 | B98: =C58 -> 1 | C98: =D58 -> 25.4 | D98: =($C$90/(IF(B98<=0.75,25,20)*SQRT($C$89)))*B98*25.4 -> 1265.4473 | E98: =(0.02*$C$90/SQRT($C$89))*B98*25.4 -> 506.17892 | F98: =1.3*D98 -> 1645.0815
A99: =A59 -> #9 | B99: =C59 -> 1.128 | C99: =D59 -> 28.6512 | D99: =($C$90/(IF(B99<=0.75,25,20)*SQRT($C$89)))*B99*25.4 -> 1427.4246 | E99: =(0.02*$C$90/SQRT($C$89))*B99*25.4 -> 570.96982 | F99: =1.3*D99 -> 1855.6519
A100: =A60 -> #10 | B100: =C60 -> 1.27 | C100: =D60 -> 32.258 | D100: =($C$90/(IF(B100<=0.75,25,20)*SQRT($C$89)))*B100*25.4 -> 1607.1181 | E100: =(0.02*$C$90/SQRT($C$89))*B100*25.4 -> 642.84723 | F100: =1.3*D100 -> 2089.2535
A101: =A61 -> #11 | B101: =C61 -> 1.41 | C101: =D61 -> 35.814 | D101: =($C$90/(IF(B101<=0.75,25,20)*SQRT($C$89)))*B101*25.4 -> 1784.2807 | E101: =(0.02*$C$90/SQRT($C$89))*B101*25.4 -> 713.71228 | F101: =1.3*D101 -> 2319.5649
A102: =A62 -> #14 | B102: =C62 -> 1.693 | C102: =D62 -> 43.0022 | D102: =($C$90/(IF(B102<=0.75,25,20)*SQRT($C$89)))*B102*25.4 -> 2142.4023 | E102: =(0.02*$C$90/SQRT($C$89))*B102*25.4 -> 856.96092 | F102: =1.3*D102 -> 2785.123
A103: =A63 -> #18 | B103: =C63 -> 2.257 | C103: =D63 -> 57.3278 | D103: =($C$90/(IF(B103<=0.75,25,20)*SQRT($C$89)))*B103*25.4 -> 2856.1146 | E103: =(0.02*$C$90/SQRT($C$89))*B103*25.4 -> 1142.4458 | F103: =1.3*D103 -> 3712.9489

Sheet Balken_DIN
A1: BEMESSUNG EINES STAHLBETONBALKENS — BIEGUNG, QUERKRAFT UND TORSION
A2: DIN EN 1992-1-1:2011 (EC2) + DIN EN 1992-1-1/NA:2013 (Nationaler Anhang Deutschland) · Rechteckquerschnitt · Dimensionsloses μ–ξ–ω-Verfahren und äquivalenter Hohlkasten für Torsion (§6.3) | R2: Contorno X | S2: Contorno Y | T2: Estribo X | U2: Estribo Y | V2: Barras inf X | W2: Barras inf Y | X2: Barras sup X | Y2: Barras sup Y
R3: =0 -> 0 | S3: =0 -> 0 | T3: =C11 -> 35 | U3: =C11 -> 35 | V3: =IF(1<=$C$13,$C$33+(1-1)*($C$9-2*$C$33)/MAX($C$13-1,1),NA()) -> 55 | W3: =IF(1<=$C$13,$C$33,NA()) -> 55 | X3: =$C$33 -> 55 | Y3: =$C$10-$C$33 -> 545
A4: 1. EINGABEDATEN (blaue Zellen = editierbar) | R4: =C9 -> 3420 | S4: =0 -> 0 | T4: =C9-C11 -> 3385 | U4: =C11 -> 35 | V4: =IF(2<=$C$13,$C$33+(2-1)*($C$9-2*$C$33)/MAX($C$13-1,1),NA()) -> 606.66667 | W4: =IF(2<=$C$13,$C$33,NA()) -> 55 | X4: =$C$9-$C$33 -> 3365 | Y4: =$C$10-$C$33 -> 545
A5: Parameter | B5: Symbol | C5: Wert | D5: Einheit | E5: Bezug DIN EN 1992-1-1 / NA | F5: Anmerkung / Formel | R5: =C9 -> 3420 | S5: =C10 -> 600 | T5: =C9-C11 -> 3385 | U5: =C10-C11 -> 565 | V5: =IF(3<=$C$13,$C$33+(3-1)*($C$9-2*$C$33)/MAX($C$13-1,1),NA()) -> 1158.3333 | W5: =IF(3<=$C$13,$C$33,NA()) -> 55
A6: Bemessungswert des Biegemoments | B6: M_Ed | C6: 250 | D6: kNm | E6: 6.1 | F6: Bemessungskombination GZT (EN 1990) | R6: =0 -> 0 | S6: =C10 -> 600 | T6: =C11 -> 35 | U6: =C10-C11 -> 565 | V6: =IF(4<=$C$13,$C$33+(4-1)*($C$9-2*$C$33)/MAX($C$13-1,1),NA()) -> 1710 | W6: =IF(4<=$C$13,$C$33,NA()) -> 55
A7: Bemessungswert der Querkraft | B7: V_Ed | C7: 200 | D7: kN | E7: 6.2.1 | R7: =0 -> 0 | S7: =0 -> 0 | T7: =C11 -> 35 | U7: =C11 -> 35 | V7: =IF(5<=$C$13,$C$33+(5-1)*($C$9-2*$C$33)/MAX($C$13-1,1),NA()) -> 2261.6667 | W7: =IF(5<=$C$13,$C$33,NA()) -> 55
A8: Bemessungswert des Torsionsmoments | B8: T_Ed | C8: 25 | D8: kNm | E8: 6.3.1 | V8: =IF(6<=$C$13,$C$33+(6-1)*($C$9-2*$C$33)/MAX($C$13-1,1),NA()) -> 2813.3333 | W8: =IF(6<=$C$13,$C$33,NA()) -> 55
A9: Querschnittsbreite | B9: b | C9: 3420 | D9: mm | E9: — | V9: =IF(7<=$C$13,$C$33+(7-1)*($C$9-2*$C$33)/MAX($C$13-1,1),NA()) -> 3365 | W9: =IF(7<=$C$13,$C$33,NA()) -> 55
A10: Gesamthöhe des Querschnitts | B10: h | C10: 600 | D10: mm | E10: — | V10: =IF(8<=$C$13,$C$33+(8-1)*($C$9-2*$C$33)/MAX($C$13-1,1),NA()) -> #N/A | W10: =IF(8<=$C$13,$C$33,NA()) -> #N/A
A11: Nennmaß der Betondeckung | B11: c_nom | C11: 35 | D11: mm | E11: 4.4.1 / NA Tab. 4.4DE | V11: =IF(9<=$C$13,$C$33+(9-1)*($C$9-2*$C$33)/MAX($C$13-1,1),NA()) -> #N/A | W11: =IF(9<=$C$13,$C$33,NA()) -> #N/A
A12: Durchmesser Längsstab | B12: Ø_l | C12: 20 | D12: mm | E12: — | V12: =IF(10<=$C$13,$C$33+(10-1)*($C$9-2*$C$33)/MAX($C$13-1,1),NA()) -> #N/A | W12: =IF(10<=$C$13,$C$33,NA()) -> #N/A
A13: Anzahl der Längsstäbe (Zugzone) | B13: n_l | C13: 7 | D13: — | E13: — | V13: =IF(11<=$C$13,$C$33+(11-1)*($C$9-2*$C$33)/MAX($C$13-1,1),NA()) -> #N/A | W13: =IF(11<=$C$13,$C$33,NA()) -> #N/A
A14: Durchmesser des Bügels | B14: Ø_w | C14: 10 | D14: mm | E14: 9.2.2 | V14: =IF(12<=$C$13,$C$33+(12-1)*($C$9-2*$C$33)/MAX($C$13-1,1),NA()) -> #N/A | W14: =IF(12<=$C$13,$C$33,NA()) -> #N/A
A15: Anzahl der Bügelschenkel (Querkraft) | B15: n_w | C15: 2 | D15: — | E15: 9.2.2
A16: Charakteristische Betondruckfestigkeit | B16: f_ck | C16: =_xlfn.XLOOKUP(F16,Aceros_DIN!$A$35:$A$43,Aceros_DIN!$B$35:$B$43) -> 30 | D16: N/mm² | E16: Tab. 3.1 | F16: C30/37
A17: Streckgrenze des Betonstahls | B17: f_yk | C17: =_xlfn.XLOOKUP(F17,Aceros_DIN!$A$47:$A$49,Aceros_DIN!$B$47:$B$49) -> 500 | D17: N/mm² | E17: 3.2.2 (B500) | F17: B500B
A18: Teilsicherheitsbeiwert Beton | B18: γ_c | C18: 1.5 | D18: — | E18: Tab. 2.1DE (NA)
A19: Teilsicherheitsbeiwert Betonstahl | B19: γ_s | C19: 1.15 | D19: — | E19: Tab. 2.1DE (NA)
A20: Beiwert Dauerstandeinfluss | B20: α_cc | C20: 0.85 | D20: — | E20: NA 3.1.6(1)
A21: cot θ gewählt (0 = automatisch nach NA) | B21: cot θ | C21: 0 | D21: — | E21: NA 6.2.3(2), Gl. (6.7aDE)
A22: Abminderungsbeiwert Druckstrebe (Torsion) | B22: ν_T | C22: 0.525 | D22: — | E22: NA 6.3.2(4) | F22: ν für Torsionsdruckstreben nach NA (≤ C50/60)
A24: 2. BAUSTOFFE
A25: Bemessungswert der Betondruckfestigkeit | B25: f_cd | C25: =C20*C16/C18 -> 17 | D25: N/mm² | E25: 3.1.6(1), Gl. (3.15) | F25: f_cd = α_cc·f_ck/γ_c
A26: Mittlere Betonzugfestigkeit | B26: f_ctm | C26: =0.3*C16^(2/3) -> 2.8964682 | D26: N/mm² | E26: Tab. 3.1 | F26: f_ctm = 0,30·f_ck^(2/3) für ≤ C50/60
A27: Bemessungswert der Betonzugfestigkeit | B27: f_ctd | C27: =0.85*0.7*C26/C18 -> 1.1489324 | D27: N/mm² | E27: 3.1.6(2), Gl. (3.16) | F27: f_ctd = α_ct·f_ctk;0,05/γ_c = 0,85·0,7·f_ctm/γ_c
A28: Bemessungswert der Stahlstreckgrenze | B28: f_yd | C28: =C17/C19 -> 434.78261 | D28: N/mm² | E28: 3.2.7(2), Bild 3.8 | F28: f_yd = f_yk/γ_s
A29: Grenzdehnung des Betons | B29: ε_cu2 | C29: 0.0035 | D29: — | E29: Tab. 3.1
A30: Bemessungswert der Fließdehnung des Stahls | B30: ε_yd | C30: =C28/200000 -> 0.002173913 | D30: — | E30: 3.2.7(2) | F30: ε_yd = f_yd/E_s ; E_s = 200 000 N/mm²
A32: 3. QUERSCHNITTSGEOMETRIE UND ÄQUIVALENTER HOHLKASTEN (Torsion)
A33: Randabstand bis zum Schwerpunkt der Bewehrung | B33: d₁ | C33: =C11+C14+C12/2 -> 55 | D33: mm | E33: 4.4.1 | F33: d₁ = c_nom + Ø_w + Ø_l/2
A34: Statische Nutzhöhe | B34: d | C34: =C10-C33 -> 545 | D34: mm | E34: 6.1 | F34: d = h − d₁
A35: Betonquerschnittsfläche | B35: A_c | C35: =C9*C10 -> 2052000 | D35: mm² | E35: — | F35: A_c = b·h
A36: Vorhandene Längszugbewehrung | B36: A_s,vorh | C36: =C13*PI()*C12^2/4 -> 2199.1149 | D36: mm² | E36: — | F36: A_s,vorh = n_l·π·Ø_l²/4
A37: Äußerer Umfang des Querschnitts | B37: u | C37: =2*(C9+C10) -> 8040 | D37: mm | E37: 6.3.2(1) | F37: u = 2·(b+h)
A38: Wirksame Wanddicke | B38: t_ef | C38: =MAX(C35/C37,2*C33) -> 255.22388 | D38: mm | E38: 6.3.2(1) | F38: t_ef = A/u , aber ≥ 2·d₁ (Deckung bis Stabmitte)
A39: Von der Mittellinie umschlossene Fläche | B39: A_k | C39: =(C9-C38)*(C10-C38) -> 1091139.2 | D39: mm² | E39: 6.3.2(1) | F39: A_k = (b−t_ef)·(h−t_ef)
A40: Umfang der Mittellinie | B40: u_k | C40: =2*((C9-C38)+(C10-C38)) -> 7019.1045 | D40: mm | E40: 6.3.2(1) | F40: u_k = 2·((b−t_ef)+(h−t_ef))
A41: Innerer Hebelarm (Querkraft/Torsion) | B41: z | C41: =0.9*C34 -> 490.5 | D41: mm | E41: 6.2.3(1) | F41: z ≈ 0,9·d
A43: 4. BIEGEBEMESSUNG — LÄNGSBEWEHRUNG (μ–ξ–ω-Verfahren)
A44: Bezogenes Biegemoment | B44: μ_Eds | C44: =C6*1000000/(C9*C34^2*C25) -> 0.01447678 | D44: — | E44: 6.1 / 3.1.7(3) | F44: μ_Eds = M_Ed / (b·d²·f_cd)
A45: Bezogene Druckzonenhöhe | B45: ξ = x/d | C45: =1.25*(1-SQRT(1-2*C44)) -> 0.018228892 | D45: — | E45: Bild 6.1 (Spannungsblock λ=0,8) | F45: ξ = 1,25·(1 − √(1 − 2·μ_Eds))
A46: Grenzwert der Druckzonenhöhe (Duktilität) | B46: ξ_lim | C46: 0.45 | D46: — | E46: NA 5.4 / 9.2.1 | F46: x/d ≤ 0,45 für ≤ C50/60 (ohne Umlagerung)
A47: Nachweis ξ ≤ ξ_lim (einfache Bewehrung) | B47: — | C47: =IF(C45<=C46,"OK","PRÜFEN – Druckbewehrung erforderlich") -> OK | D47: — | E47: 9.2.1.1
A48: Innerer Hebelarm (Biegung) | B48: z_f | C48: =C34*(1-0.4*C45) -> 541.0261 | D48: mm | E48: 6.1 | F48: z_f = d·(1 − 0,4·ξ)
A49: Erforderliche Biegebewehrung | B49: A_s,flex | C49: =C6*1000000/(C48*C28) -> 1062.7953 | D49: mm² | E49: 6.1 | F49: A_s = M_Ed / (z_f·f_yd)
A50: Mindestbiegebewehrung | B50: A_s,min | C50: =MAX(0.26*C26/C17*C9*C34,0.0013*C9*C34) -> 2807.338 | D50: mm² | E50: 9.2.1.1(1), Gl. (9.1N) | F50: A_s,min = max(0,26·f_ctm/f_yk·b·d ; 0,0013·b·d)
A51: Höchstbewehrung | B51: A_s,max | C51: =0.04*C35 -> 82080 | D51: mm² | E51: 9.2.1.1(3) | F51: A_s,max = 0,04·A_c
A52: GEWÄHLTE BIEGEBEWEHRUNG | B52: A_s,flex | C52: =MAX(C49,C50) -> 2807.338 | D52: mm² | E52: 9.2.1.1 | F52: max(A_s,Biegung ; A_s,min)
A53: Gleichwertiger Nachweis nach kd-Tafeln (kd-Verfahren)
A54: Tafelwert k_d | B54: k_d | C54: =(C34/10)/SQRT(C6*1000/C9) -> 6.3744035 | D54: — | E54: kd-Verfahren (Goris/Schneider) | F54: k_d = d[cm] / √(M_Eds/b[m]) — Eingangswert der Tafel
A55: Tafelwert k_s (Stahl) | B55: k_s | C55: =1000/(C56*C28) -> 2.3168938 | D55: — | E55: kd-Verfahren | F55: k_s = 1000/(ζ·f_yd) — entspricht dem Tafelwert k_s
A56: Innerer Hebelarmbeiwert ζ = z/d | B56: ζ | C56: =1-0.4*C45 -> 0.99270844 | D56: — | E56: 6.1 | F56: ζ = 1 − 0,4·ξ = z/d
A57: Bezogene Druckzonenhöhe | B57: ξ = x/d | C57: =C45 -> 0.018228892 | D57: — | E57: Bild 6.1 | F57: ξ = x/d (Wert aus der Biegezeile)
A58: Betonstauchung am gedrückten Rand | B58: ε_c2 | C58: =-MIN(C29*1000,25*C45/(1-C45)) -> -0.46418386 | D58: ‰ | E58: Tab. 3.1 / Bild 6.1 | F58: ε_c2 = −min(3,5‰ ; 25·ξ/(1−ξ)); negativ = Stauchung
A59: Stahldehnung (Zug) | B59: ε_s1 | C59: =MIN(25,C29*1000*(1-C45)/C45) -> 25 | D59: ‰ | E59: NA 3.2.7 (ε_ud = 25‰) | F59: ε_s1 = min(25‰ ; 3,5·(1−ξ)/ξ); Beton-/Stahlpivot
A60: Druckzonenhöhe | B60: x | C60: =C45*C34 -> 9.9347462 | D60: mm | E60: 6.1 | F60: x = ξ·d
A61: Innerer Hebelarm | B61: z | C61: =C48 -> 541.0261 | D61: mm | E61: 6.1 | F61: z = ζ·d (= z_f aus der Biegezeile)
A62: Erf. Biegebewehrung nach kd-Tafeln | B62: A_s,erf | C62: =C55*C6/(C34/10) -> 10.627953 | D62: cm² | E62: kd-Verfahren | F62: A_s = k_s·M_Eds/(d/10) = M_Eds/(z·f_yd) — wie Zeile 49
A64: 5. QUERKRAFTBEMESSUNG (6.2 + Nationaler Anhang)
A65: Geometrischer Zugbewehrungsgrad (≤ 2 %) | B65: ρ_l | C65: =MIN(C36/(C9*C34),0.02) -> 0.0011798459 | D65: — | E65: 6.2.2(1)
A66: Maßstabsfaktor | B66: k | C66: =MIN(1+SQRT(200/C34),2) -> 1.6057825 | D66: — | E66: 6.2.2(1) | F66: k = 1 + √(200/d) ≤ 2,0
A67: Beiwert C_Rd,c | B67: C_Rd,c | C67: =0.15/C18 -> 0.1 | D67: — | E67: NA 6.2.2(1): 0,15/γ_c
A68: Mindestwert v_min | B68: v_min | C68: =IF(C34<=600,0.0525,0.0375)*C66^1.5*SQRT(C16) -> 0.58512685 | D68: N/mm² | E68: NA 6.2.2(1), Gl. (6.3aDE) | F68: κ₁ = 0,0525 (d ≤ 600) ; 0,0375 (d ≥ 800)
A69: Querkrafttragfähigkeit ohne Bewehrung | B69: V_Rd,c | C69: =MAX(C67*C66*(100*C65*C16)^(1/3),C68)*C9*C34/1000 -> 1090.6179 | D69: kN | E69: 6.2.2(1), Gl. (6.2a)/(6.2b)
A70: Ist Querkraftbewehrung erforderlich? | B70: — | C70: =IF(C7>C69,"JA (V_Ed > V_Rd,c)","NEIN (V_Ed ≤ V_Rd,c)") -> NEIN (V_Ed ≤ V_Rd,c) | D70: — | E70: 6.2.1(3)
A71: Betontraganteil der Querkraft | B71: V_Rd,cc | C71: =0.5*0.48*C16^(1/3)*C9*C41/1000 -> 1250.9793 | D71: kN | E71: NA 6.2.3(2), Gl. (6.7bDE) | F71: V_Rd,cc = 0,5·0,48·f_ck^(1/3)·b·z (σ_cd = 0)
A72: Rechnerische Druckstrebenneigung (1,0–3,0) | B72: cot θ_ber | C72: =IF(C7=0,1,MIN(MAX(1.2/(1-C71/C7),1),3)) -> 1 | D72: — | E72: NA 6.2.3(2), Gl. (6.7aDE)
A73: Gewählte Druckstrebenneigung | B73: cot θ | C73: =IF(C21>0,C21,C72) -> 1 | D73: — | E73: NA 6.2.3(2) | F73: Verwendet den Wert aus Zeile 21, falls > 0; sonst den automatischen
A74: Abminderungsbeiwert Druckstrebe (Querkraft) | B74: ν₁ | C74: 0.75 | D74: — | E74: NA 6.2.3(3): ν₁ = 0,75 (≤ C50/60)
A75: Maximale Querkrafttragfähigkeit (Druckstrebe) | B75: V_Rd,max | C75: =C9*C41*C74*C25/(C73+1/C73)/1000 -> 10694.126 | D75: kN | E75: 6.2.3(3), Gl. (6.9) | F75: V_Rd,max = b·z·ν₁·f_cd / (cotθ + tanθ)
A76: Nachweis V_Ed ≤ V_Rd,max | B76: — | C76: =IF(C7<=C75,"OK","NICHT ERFÜLLT – b oder f_ck erhöhen") -> OK | D76: — | E76: 6.2.3(3)
A77: Erforderliche Querkraftbewehrung | B77: a_sw,V | C77: =C7*1000000/(C41*C28*C73) -> 937.81855 | D77: mm²/m | E77: 6.2.3(3), Gl. (6.8) | F77: a_sw = V_Ed / (z·f_yd·cotθ) — alle Schenkel
A78: Mindestquerkraftbewehrungsgrad | B78: ρ_w,min | C78: =0.16*C26/C17 -> 0.00092686981 | D78: — | E78: NA 9.2.2(5), Gl. (9.5aDE) | F78: ρ_w,min = 0,16·f_ctm/f_yk
A79: Mindestquerkraftbewehrung | B79: a_sw,min | C79: =C78*C9*1000 -> 3169.8947 | D79: mm²/m | E79: 9.2.2(5) | F79: a_sw,min = ρ_w,min·b_w (vertikale Bügel)
A80: GEWÄHLTE QUERKRAFTBEWEHRUNG | B80: a_sw,V | C80: =MAX(C77,C79) -> 3169.8947 | D80: mm²/m | E80: 9.2.2 | F80: max(a_sw,V ; a_sw,min)
A82: 6. TORSIONSBEMESSUNG (6.3 — äquivalenter Hohlkasten)
A83: Torsionsschubspannung | B83: τ_t | C83: =C8*1000000/(2*C39*C38) -> 0.044885755 | D83: N/mm² | E83: 6.3.2(1), Gl. (6.26) | F83: τ_t·t_ef = T_Ed/(2·A_k)
A84: Rissmoment der Torsion | B84: T_Rd,c | C84: =2*C39*C38*C27/1000000 -> 639.92037 | D84: kNm | E84: 6.3.2(5) | F84: T_Rd,c = 2·A_k·t_ef·f_ctd
A85: Ist Torsionsbewehrung erforderlich? | B85: — | C85: =IF(C8/C84+C7/C69<=1,"NEIN (Mindestbew.)","JA") -> NEIN (Mindestbew.) | D85: — | E85: 6.3.2(5), Gl. (6.31) | F85: Mindestbewehrung wenn T_Ed/T_Rd,c + V_Ed/V_Rd,c ≤ 1
A86: Maximales Torsionsmoment (Druckstrebe) | B86: T_Rd,max | C86: =2*C22*C25*C39*C38/(C73+1/C73)/1000000 -> 2485.4767 | D86: kNm | E86: 6.3.2(4), Gl. (6.30) | F86: T_Rd,max = 2·ν_T·f_cd·A_k·t_ef·sinθ·cosθ
A87: Nachweis T_Ed ≤ T_Rd,max | B87: — | C87: =IF(C8<=C86,"OK","NICHT ERFÜLLT – Querschnitt oder f_ck erhöhen") -> OK | D87: — | E87: 6.3.2(4)
A88: Torsionsbügelbewehrung (je Schenkel) | B88: a_sw,T | C88: =C8*1000000000/(2*C39*C28*C73) -> 26.348608 | D88: mm²/m | E88: 6.3.2(2), Gl. (6.28) | F88: a_sw,T = T_Ed / (2·A_k·f_yd·cotθ) — ein Schenkel des geschlossenen Bügels
A89: Längsbewehrung für Torsion (gesamt) | B89: A_sl,T | C89: =C8*1000000*C73*C40/(2*C39*C28) -> 184.94363 | D89: mm² | E89: 6.3.2(3), Gl. (6.28) | F89: A_sl = T_Ed·cotθ·u_k / (2·A_k·f_yd) — über den Umfang verteilt
A91: 7. INTERAKTION QUERKRAFT + TORSION UND KOMBINIERTE BEWEHRUNG
A92: Interaktionsindex der Druckstreben (V+T) | B92: — | C92: =C8/C86+C7/C75 -> 0.028760288 | D92: — | E92: 6.3.2(4), Gl. (6.29) | F92: T_Ed/T_Rd,max + V_Ed/V_Rd,max ≤ 1,0
A93: Nachweis der Druckstreben-Interaktion | B93: — | C93: =IF(C92<=1,"OK","NICHT ERFÜLLT – cotθ verringern oder Querschnitt vergrößern") -> OK | D93: — | E93: 6.3.2(4)
A94: Fläche eines Bügelschenkels | B94: A_Schenkel | C94: =PI()*C14^2/4 -> 78.539816 | D94: mm² | E94: — | F94: A_Schenkel = π·Ø_w²/4
A95: Kombinierte Bügelbewehrung (äußerer Schenkel) | B95: a_sw,tot | C95: =C80/C15+C88 -> 1611.296 | D95: mm²/m | E95: 6.3.2(2) | F95: a_sw,tot = a_sw,V/n_w + a_sw,T (Querkraft verteilt + Torsion)
A96: Erforderlicher Bügelabstand | B96: s_erf | C96: =C94*1000/C95 -> 48.743258 | D96: mm | E96: — | F96: s = A_Schenkel·1000 / a_sw,tot
A97: Konstruktiv maximaler Bügelabstand | B97: s_max | C97: =MIN(0.75*C34,300,C40/8) -> 300 | D97: mm | E97: 9.2.2(6) / 9.2.3(3) | F97: s_max = min(0,75·d ; 300 ; u_k/8) — der Torsionsgrenzwert u_k/8 ist meist maßgebend
A98: GEWÄHLTER BÜGELABSTAND | B98: s | C98: =MIN(C96,C97) -> 48.743258 | D98: mm | F98: ="Geschlossener Bügel Ø"&C14&" alle "&FLOOR(C98,10)&" mm" -> Geschlossener Bügel Ø10 alle 40 mm
A99: Torsionslängsbewehrung an der Unterseite | B99: A_sl,T,unten | C99: =C89*(C9-C38)/C40 -> 83.387446 | D99: mm² | E99: 6.3.2(3) | F99: Anteil von A_sl,T proportional zur Breite (b−t_ef)/u_k
A100: GESAMTE UNTERE LÄNGSBEWEHRUNG | B100: A_s,unten | C100: =C52+C99 -> 2890.7255 | D100: mm² | E100: 6.3.2 / 9.2.1 | F100: A_s,unten = A_s,Biegung + A_sl,T,unten
A102: 8. ZUSAMMENFASSUNG UND NACHWEISE
A103: Bemessungsschnittgrößen | C103: ="M_Ed = "&C6&" kNm / V_Ed = "&C7&" kN / T_Ed = "&C8&" kNm" -> M_Ed = 250 kNm / V_Ed = 200 kN / T_Ed = 25 kNm
A104: Querschnitt und Baustoffe | C104: ="b/h = "&C9&"/"&C10&" mm · C"&C16&" · B"&C17&" · c_nom = "&C11&" mm" -> b/h = 3420/600 mm · C30 · B500 · c_nom = 35 mm
A105: Untere Längsbewehrung | C105: ="erforderlich "&ROUND(C100,0)&" mm² → vorhanden "&C13&"Ø"&C12&" = "&ROUND(C36,0)&" mm²" -> erforderlich 2891 mm² → vorhanden 7Ø20 = 2199 mm²
A106: Bügel (Querkraft + Torsion) | C106: =F98 -> Geschlossener Bügel Ø10 alle 40 mm
A107: Torsionslängsbewehrung (gesamt) | C107: =ROUND(C89,0)&" mm² über den Umfang verteilt (mind. 1 Stab je Ecke)" -> 185 mm² über den Umfang verteilt (mind. 1 Stab je Ecke)
...

Sheet Balken_2025
A1: BEMESSUNG EINES STAHLBETONBALKENS — BIEGUNG, QUERKRAFT UND TORSION
A2: DIN EN 1992-1-1:2025 (EC2) + DIN EN 1992-1-1/NA1:2025 · Rechteckquerschnitt · μ-ξ-ω-Verfahren und äquivalenter Hohlkasten für Torsion (§8.3) | R2: Contorno X | S2: Contorno Y | T2: Estribo X | U2: Estribo Y | V2: Barras inf X | W2: Barras inf Y | X2: Barras sup X | Y2: Barras sup Y
R3: =0 -> 0 | S3: =0 -> 0 | T3: =C11 -> 35 | U3: =C11 -> 35 | V3: =IF(1<=$C$13,$C$33+(1-1)*($C$9-2*$C$33)/MAX($C$13-1,1),NA()) -> 57 | W3: =IF(1<=$C$13,$C$33,NA()) -> 57 | X3: =$C$33 -> 57 | Y3: =$C$10-$C$33 -> 543
A4: 1. EINGABEDATEN (blaue Zellen = editierbar) | R4: =C9 -> 3420 | S4: =0 -> 0 | T4: =C9-C11 -> 3385 | U4: =C11 -> 35 | V4: =IF(2<=$C$13,$C$33+(2-1)*($C$9-2*$C$33)/MAX($C$13-1,1),NA()) -> 424.33333 | W4: =IF(2<=$C$13,$C$33,NA()) -> 57 | X4: =$C$9-$C$33 -> 3363 | Y4: =$C$10-$C$33 -> 543
A5: Parameter | B5: Symbol | C5: Wert | D5: Einheit | E5: Bezug DIN EN 1992-1-1 / NA | F5: Anmerkung / Formel | R5: =C9 -> 3420 | S5: =C10 -> 600 | T5: =C9-C11 -> 3385 | U5: =C10-C11 -> 565 | V5: =IF(3<=$C$13,$C$33+(3-1)*($C$9-2*$C$33)/MAX($C$13-1,1),NA()) -> 791.66667 | W5: =IF(3<=$C$13,$C$33,NA()) -> 57
A6: Bemessungswert des Biegemoments | B6: M_Ed | C6: 250 | D6: kNm | E6: 6.1 | F6: Bemessungskombination GZT (EN 1990) | R6: =0 -> 0 | S6: =C10 -> 600 | T6: =C11 -> 35 | U6: =C10-C11 -> 565 | V6: =IF(4<=$C$13,$C$33+(4-1)*($C$9-2*$C$33)/MAX($C$13-1,1),NA()) -> 1159 | W6: =IF(4<=$C$13,$C$33,NA()) -> 57
A7: Bemessungswert der Querkraft | B7: V_Ed | C7: 200 | D7: kN | E7: 6.2.1 | R7: =0 -> 0 | S7: =0 -> 0 | T7: =C11 -> 35 | U7: =C11 -> 35 | V7: =IF(5<=$C$13,$C$33+(5-1)*($C$9-2*$C$33)/MAX($C$13-1,1),NA()) -> 1526.3333 | W7: =IF(5<=$C$13,$C$33,NA()) -> 57
A8: Bemessungswert des Torsionsmoments | B8: T_Ed | C8: 25 | D8: kNm | E8: 6.3.1 | V8: =IF(6<=$C$13,$C$33+(6-1)*($C$9-2*$C$33)/MAX($C$13-1,1),NA()) -> 1893.6667 | W8: =IF(6<=$C$13,$C$33,NA()) -> 57
A9: Querschnittsbreite | B9: b | C9: 3420 | D9: mm | E9: — | V9: =IF(7<=$C$13,$C$33+(7-1)*($C$9-2*$C$33)/MAX($C$13-1,1),NA()) -> 2261 | W9: =IF(7<=$C$13,$C$33,NA()) -> 57
A10: Gesamthöhe des Querschnitts | B10: h | C10: 600 | D10: mm | E10: — | V10: =IF(8<=$C$13,$C$33+(8-1)*($C$9-2*$C$33)/MAX($C$13-1,1),NA()) -> 2628.3333 | W10: =IF(8<=$C$13,$C$33,NA()) -> 57
A11: Nennmaß der Betondeckung | B11: c_nom | C11: 35 | D11: mm | E11: 4.4.1 / NA Tab. 4.4DE | V11: =IF(9<=$C$13,$C$33+(9-1)*($C$9-2*$C$33)/MAX($C$13-1,1),NA()) -> 2995.6667 | W11: =IF(9<=$C$13,$C$33,NA()) -> 57
A12: Durchmesser Längsstab | B12: Ø_l | C12: 20 | D12: mm | E12: — | V12: =IF(10<=$C$13,$C$33+(10-1)*($C$9-2*$C$33)/MAX($C$13-1,1),NA()) -> 3363 | W12: =IF(10<=$C$13,$C$33,NA()) -> 57
A13: Anzahl der Längsstäbe (Zugzone) | B13: n_l | C13: 10 | D13: — | E13: — | V13: =IF(11<=$C$13,$C$33+(11-1)*($C$9-2*$C$33)/MAX($C$13-1,1),NA()) -> #N/A | W13: =IF(11<=$C$13,$C$33,NA()) -> #N/A
A14: Durchmesser des Bügels | B14: Ø_w | C14: 12 | D14: mm | E14: 9.2.2 | V14: =IF(12<=$C$13,$C$33+(12-1)*($C$9-2*$C$33)/MAX($C$13-1,1),NA()) -> #N/A | W14: =IF(12<=$C$13,$C$33,NA()) -> #N/A
A15: Anzahl der Bügelschenkel (Querkraft) | B15: n_w | C15: 2 | D15: — | E15: 9.2.2
A16: Charakteristische Betondruckfestigkeit | B16: f_ck | C16: =_xlfn.XLOOKUP(F16,Aceros_DIN!$A$35:$A$43,Aceros_DIN!$B$35:$B$43) -> 30 | D16: N/mm² | E16: Tab. 3.1 | F16: C30/37
A17: Streckgrenze des Betonstahls | B17: f_yk | C17: =_xlfn.XLOOKUP(F17,Aceros_DIN!$A$47:$A$49,Aceros_DIN!$B$47:$B$49) -> 500 | D17: N/mm² | E17: 3.2.2 (B500) | F17: B500B
A18: Teilsicherheitsbeiwert Beton | B18: γ_c | C18: 1.5 | D18: — | E18: Tab. 2.1DE (NA)
A19: Teilsicherheitsbeiwert Betonstahl | B19: γ_s | C19: 1.15 | D19: — | E19: Tab. 2.1DE (NA)
A20: Beiwert Belastungsdauer k_tc | B20: k_tc | C20: 1 | D20: — | E20: §5.1.6(1) | F20: k_tc = 1,0 (Last ≥ 3 Monate nach Betonage) oder 0,85
A21: cot θ gewählt (0 = automatisch nach NA) | B21: cot θ | C21: 0 | D21: — | E21: NA 6.2.3(2), Gl. (6.7aDE)
A22: Abminderungsbeiwert Druckstrebe (Torsion) ν | B22: ν_T | C22: 0.6 | D22: — | E22: §8.3.4(3), Gl. (8.84) | F22: ν = 0,60 für cotθ = 1,0 (Anhang G für andere θ)
A24: 2. BAUSTOFFE
A25: Bemessungswert der Betondruckfestigkeit | B25: f_cd | C25: =MIN((40/C16)^(1/3),1)*C20*C16/C18 -> 20 | D25: N/mm² | E25: §5.1.6(1), Gl. (5.3)/(5.4) | F25: f_cd = η_cc·k_tc·f_ck/γ_C ; η_cc=(40/f_ck)^⅓≤1,0 (f_ck,ref=40 MPa)
A26: Mittlere Betonzugfestigkeit | B26: f_ctm | C26: =0.3*C16^(2/3) -> 2.8964682 | D26: N/mm² | E26: Tab. 5.1 | F26: f_ctm = 0,30·f_ck^(2/3) für ≤ C50/60
A27: Bemessungswert der Betonzugfestigkeit | B27: f_ctd | C27: =C20*0.7*C26/C18 -> 1.3516851 | D27: N/mm² | E27: §5.1.6(1) | F27: f_ctd = k_tc·0,7·f_ctm/γ_C (f_ctk;0,05 = 0,7·f_ctm)
A28: Bemessungswert der Stahlstreckgrenze | B28: f_yd | C28: =C17/C19 -> 434.78261 | D28: N/mm² | E28: §5.2.4, Bild 5.4 | F28: f_yd = f_yk/γ_s
A29: Grenzdehnung des Betons | B29: ε_cu2 | C29: 0.0035 | D29: — | E29: Tab. 5.1 / §8.1.2
A30: Bemessungswert der Fließdehnung des Stahls | B30: ε_yd | C30: =C28/200000 -> 0.002173913 | D30: — | E30: §5.2.4 | F30: ε_yd = f_yd/E_s ; E_s = 200 000 N/mm²
A32: 3. QUERSCHNITTSGEOMETRIE UND ÄQUIVALENTER HOHLKASTEN (Torsion)
A33: Randabstand bis zum Schwerpunkt der Bewehrung | B33: d₁ | C33: =C11+C14+C12/2 -> 57 | D33: mm | E33: 4.4.1 | F33: d₁ = c_nom + Ø_w + Ø_l/2
A34: Statische Nutzhöhe | B34: d | C34: =C10-C33 -> 543 | D34: mm | E34: 6.1 | F34: d = h − d₁
A35: Betonquerschnittsfläche | B35: A_c | C35: =C9*C10 -> 2052000 | D35: mm² | E35: — | F35: A_c = b·h
A36: Vorhandene Längszugbewehrung | B36: A_s,vorh | C36: =C13*PI()*C12^2/4 -> 3141.5927 | D36: mm² | E36: — | F36: A_s,vorh = n_l·π·Ø_l²/4
A37: Äußerer Umfang des Querschnitts | B37: u | C37: =2*(C9+C10) -> 8040 | D37: mm | E37: 6.3.2(1) | F37: u = 2·(b+h)
A38: Wirksame Wanddicke | B38: t_ef | C38: =MAX(C35/C37,2*C33) -> 255.22388 | D38: mm | E38: 6.3.2(1) | F38: t_ef = A/u , aber ≥ 2·d₁ (Deckung bis Stabmitte)
A39: Von der Mittellinie umschlossene Fläche | B39: A_k | C39: =(C9-C38)*(C10-C38) -> 1091139.2 | D39: mm² | E39: 6.3.2(1) | F39: A_k = (b−t_ef)·(h−t_ef)
A40: Umfang der Mittellinie | B40: u_k | C40: =2*((C9-C38)+(C10-C38)) -> 7019.1045 | D40: mm | E40: 6.3.2(1) | F40: u_k = 2·((b−t_ef)+(h−t_ef))
A41: Innerer Hebelarm (Querkraft/Torsion) | B41: z | C41: =0.9*C34 -> 488.7 | D41: mm | E41: 6.2.3(1) | F41: z ≈ 0,9·d
A43: 4. BIEGEBEMESSUNG — LÄNGSBEWEHRUNG (μ–ξ–ω-Verfahren)
A44: Bezogenes Biegemoment | B44: μ_Eds | C44: =C6*1000000/(C9*C34^2*C25) -> 0.012396077 | D44: — | E44: §8.1 / §8.1.2 | F44: μ_Eds = M_Ed / (b·d²·f_cd)
A45: Bezogene Druckzonenhöhe | B45: ξ = x/d | C45: =1.25*(1-SQRT(1-2*C44)) -> 0.015592344 | D45: — | E45: §8.1.2, Bild 8.2 (Block λ=0,8) | F45: ξ = 1,25·(1 − √(1 − 2·μ_Eds))
A46: Grenzwert der Druckzonenhöhe (Duktilität) | B46: ξ_lim | C46: 0.45 | D46: — | E46: §8.1 (Duktilität x/d) | F46: x/d ≤ 0,45 für ≤ C50/60 (ohne Umlagerung)
A47: Nachweis ξ ≤ ξ_lim (einfache Bewehrung) | B47: — | C47: =IF(C45<=C46,"OK","PRÜFEN – Druckbewehrung erforderlich") -> OK | D47: — | E47: §8.1
A48: Innerer Hebelarm (Biegung) | B48: z_f | C48: =C34*(1-0.4*C45) -> 539.61334 | D48: mm | E48: §8.1 | F48: z_f = d·(1 − 0,4·ξ)
A49: Erforderliche Biegebewehrung | B49: A_s,flex | C49: =C6*1000000/(C48*C28) -> 1065.5778 | D49: mm² | E49: §8.1 | F49: A_s = M_Ed / (z_f·f_yd)
A50: Mindestbiegebewehrung | B50: A_s,min | C50: =C26*C9*C10^2/6/(C17*0.9*C34) -> 2432.3931 | D50: mm² | E50: §12.2(2), Gl. (12.1) | F50: A_s,min so dass M_R,min ≥ M_cr ; M_cr = f_ctm·b·h²/6 ; z ≈ 0,9d (Rechteckquerschnitt)
A51: Höchstbewehrung | B51: A_s,max | C51: =0.04*C35 -> 82080 | D51: mm² | E51: §12.3.1 (A_s,max) | F51: A_s,max = 0,04·A_c
A52: GEWÄHLTE BIEGEBEWEHRUNG | B52: A_s,flex | C52: =MAX(C49,C50) -> 2432.3931 | D52: mm² | E52: §8.1 / §12.2 | F52: max(A_s,Biegung ; A_s,min)
A53: Gleichwertiger Nachweis nach kd-Tafeln (kd-Verfahren)
A54: Tafelwert k_d | B54: k_d | C54: =(C34/10)/SQRT(C6*1000/C9) -> 6.3510112 | D54: — | E54: kd-Verfahren (Goris/Schneider) | F54: k_d = d[cm] / √(M_Eds/b[m]) — Eingangswert der Tafel
A55: Tafelwert k_s (Stahl) | B55: k_s | C55: =1000/(C56*C28) -> 2.314435 | D55: — | E55: kd-Verfahren | F55: k_s = 1000/(ζ·f_yd) — entspricht dem Tafelwert k_s
A56: Innerer Hebelarmbeiwert ζ = z/d | B56: ζ | C56: =1-0.4*C45 -> 0.99376306 | D56: — | E56: §8.1 | F56: ζ = 1 − 0,4·ξ = z/d
A57: Bezogene Druckzonenhöhe | B57: ξ = x/d | C57: =C45 -> 0.015592344 | D57: — | E57: Bild 8.2 | F57: ξ = x/d (Wert aus der Biegezeile)
A58: Betonstauchung am gedrückten Rand | B58: ε_c2 | C58: =-MIN(C29*1000,25*C45/(1-C45)) -> -0.3959829 | D58: ‰ | E58: Tab. 5.1 / §8.1.2 | F58: ε_c2 = −min(3,5‰ ; 25·ξ/(1−ξ)); negativ = Stauchung
A59: Stahldehnung (Zug) | B59: ε_s1 | C59: =MIN(25,C29*1000*(1-C45)/C45) -> 25 | D59: ‰ | E59: §5.2.4 (ε_ud = 25‰) | F59: ε_s1 = min(25‰ ; 3,5·(1−ξ)/ξ); Beton-/Stahlpivot
A60: Druckzonenhöhe | B60: x | C60: =C45*C34 -> 8.4666428 | D60: mm | E60: §8.1 | F60: x = ξ·d
A61: Innerer Hebelarm | B61: z | C61: =C48 -> 539.61334 | D61: mm | E61: §8.1 | F61: z = ζ·d (= z_f aus der Biegezeile)
A62: Erf. Biegebewehrung nach kd-Tafeln | B62: A_s,erf | C62: =C55*C6/(C34/10) -> 10.655778 | D62: cm² | E62: kd-Verfahren | F62: A_s = k_s·M_Eds/(d/10) = M_Eds/(z·f_yd) — wie Zeile 49
A64: 5. QUERKRAFTBEMESSUNG (EN 1992-1-1:2025 §8.2 — Spannungsmodell)
A65: Längsbewehrungsgrad (Zug) | B65: ρ_l | C65: =C36/(C9*C34) -> 0.0016917023 | D65: — | E65: §8.2.2, Gl. (8.28) | F65: ρ_l = A_sl/(b_w·d)
A66: Größenparameter der Gesteinskörnung | B66: d_dg | C66: 32 | D66: — | E66: §8.2.1(4) | F66: d_dg = 16 + D_low ≤ 40 mm (D_low = Größtkorn, hier 16 mm)
A67: Teilsicherheitsbeiwert Querkraft | B67: γ_V | C67: 1.4 | D67: — | E67: NA1 Tab. NA.3 (NDP) | F67: γ_V = 1,4 (ständig/vorübergehend)
A68: Bemessungswert der Schubspannung | B68: τ_Ed | C68: =C7*1000/(C9*C41) -> 0.11966346 | D68: N/mm² | E68: §8.2.1(3), Gl. (8.18) | F68: τ_Ed = V_Ed/(b_w·z) ; z = 0,9d
A69: Mindestschubspannungswiderstand | B69: τ_Rdc,min | C69: =(11/C67)*SQRT(C16/C28*C66/C34) -> 0.50103062 | D69: kN | E69: §8.2.1(4), Gl. (8.20) | F69: τ_Rdc,min = (11/γ_V)·√(f_ck/f_yd·d_dg/d)
A70: Schubspannungswiderstand ohne Bewehrung | B70: τ_Rd,c | C70: =MAX((0.66/C67)*(100*C65*C16*C66/C34)^(1/3),C69) -> 0.50103062 | D70: — | E70: §8.2.2(2), Gl. (8.27) | F70: τ_Rd,c = (0,66/γ_V)(100ρ_l·f_ck·d_dg/d)^⅓ ≥ τ_Rdc,min
A71: Ist Querkraftbewehrung erforderlich? | B71: V_Rd,cc | C71: =IF(C68>C70,"JA (τ_Ed > τ_Rd,c)","NEIN (τ_Ed ≤ τ_Rd,c)") -> NEIN (τ_Ed ≤ τ_Rd,c) | D71: kN | E71: §8.2.1(1) | F71: zusätzlich bei d > 500 mm Mindestbewehrung (§12.3)
A72: Mindestneigung des Druckfelds | B72: cot θ_min | C72: 2.5 | D72: — | E72: §8.2.3(4) | F72: cot θ_min = 2,5 (ohne Normalkraft) ; 3,0 bei Druck ≥ 3 MPa
A73: Gewählte Druckfeldneigung | B73: cot θ | C73: =IF(C21>0,MIN(C21,C72),C72) -> 2.5 | D73: — | E73: §8.2.3(4), Gl. (8.41) | F73: 1 ≤ cot θ ≤ cot θ_min ; Zeile 21 falls > 0
A74: Abminderungsbeiwert Druckfeld | B74: ν | C74: 0.5 | D74: — | E74: §8.2.3(6) | F74: ν = 0,5 mit cot θ nach (4)
A75: Maximale Schubspannung (Druckfeld) | B75: τ_Rd,max | C75: =C74*C25/(C73+1/C73) -> 3.4482759 | D75: kN | E75: §8.2.3(5), Gl. (8.44) | F75: τ_Rd,max = ν·f_cd/(cot θ + tan θ)
A76: Nachweis τ_Ed ≤ τ_Rd,max | B76: — | C76: =IF(C68<=C75,"OK","NICHT ERFÜLLT – b oder f_ck erhöhen") -> OK | D76: — | E76: §8.2.3(5)
A77: Erforderliche Querkraftbewehrung | B77: a_sw,V | C77: =C68*C9*1000/(C28*C73) -> 376.50911 | D77: mm²/m | E77: §8.2.3(5), Gl. (8.42) | F77: a_sw = τ_Ed·b_w/(f_ywd·cot θ) — alle Schenkel
A78: Mindestquerkraftbewehrungsgrad | B78: ρ_w,min | C78: =0.08*SQRT(C16)/C17 -> 0.00087635609 | D78: — | E78: §12.2(4) + NA1 | F78: ρ_w,min = 0,08·√f_ck/f_yk (Gl. 12.4). NA1:2025: Duktilitätsklasse C nicht anwendbar; bei gegliederten Querschnitten +60% — hier (Vollquerschnitt) nicht maßgebend.
A79: Mindestquerkraftbewehrung | B79: a_sw,min | C79: =C78*C9*1000 -> 2997.1378 | D79: mm²/m | E79: §12.3 | F79: a_sw,min = ρ_w,min·b_w
A80: GEWÄHLTE QUERKRAFTBEWEHRUNG | B80: a_sw,V | C80: =MAX(C77,C79) -> 2997.1378 | D80: mm²/m | E80: 9.2.2 | F80: max(a_sw,V ; a_sw,min)
A82: 6. TORSIONSBEMESSUNG (EN 1992-1-1:2025 §8.3 — äquivalenter Hohlkasten)
A83: Torsionsschubspannung | B83: τ_t,Ed | C83: =C8*1000000/(2*C39*C38) -> 0.044885755 | D83: N/mm² | E83: §8.3.2(2) | F83: τ_t = T_Ed/(2·A_k·t_ef)
A84: Risstorsionsmoment | B84: T_cr | C84: =2*C39*C38*C27/1000000 -> 752.8475 | D84: kNm | E84: §8.3 (≈ f_ctd) | F84: T_cr = 2·A_k·t_ef·f_ctd
A85: Ist Torsionsbewehrung erforderlich? | B85: — | C85: =IF(C8<=C84,"NEIN (Mindestbew.)","JA") -> NEIN (Mindestbew.) | D85: — | E85: §8.3.1(1) | F85: Bei T_Ed ≤ T_cr genügt Mindestbewehrung (§12.2/12.3)
A86: Maximales Torsionsmoment (Druckfeld) | B86: T_Rd,max | C86: =C22*C25/(C73+1/C73)*2*C39*C38/1000000 -> 2304.7017 | D86: kNm | E86: §8.3.4(3), Gl. (8.84) | F86: T_Rd,max = ν·f_cd/(cotθ+tanθ)·2·A_k·t_ef
A87: Nachweis T_Ed ≤ T_Rd,max | B87: — | C87: =IF(C8<=C86,"OK","NICHT ERFÜLLT – Querschnitt oder f_ck erhöhen") -> OK | D87: — | E87: §8.3.4
A88: Torsionsbügelbewehrung (je Schenkel) | B88: a_sw,T | C88: =C83*C38*1000/(C73*C28) -> 10.539443 | D88: mm²/m | E88: §8.3.4(2), Gl. (8.82) | F88: a_sw,T = τ_t·t_ef/(cotθ·f_ywd) — ein Schenkel
A89: Torsionslängsbewehrung (gesamt) | B89: A_sl,T | C89: =C83*C38*C40*C73/C28 -> 462.35908 | D89: mm² | E89: §8.3.4(2), Gl. (8.83) | F89: A_sl = τ_t·t_ef·u_k·cotθ/f_yd — über den Umfang verteilt
A91: 7. INTERAKTION QUERKRAFT + TORSION UND KOMBINIERTE BEWEHRUNG (§8.3.6)
A92: Interaktionsindex der Druckstreben (V+T) | B92: — | C92: =C8/C86+C68/C75 -> 0.045549794 | D92: — | E92: §8.3.6, Gl. (8.86) | F92: Σ(S_Ed/S_Rd) = T_Ed/T_Rd,max + τ_Ed/τ_Rd,max ≤ 1,0
A93: Nachweis der Druckstreben-Interaktion | B93: — | C93: =IF(C92<=1,"OK","NICHT ERFÜLLT – cotθ verringern oder Querschnitt vergrößern") -> OK | D93: — | E93: §8.3.6
A94: Fläche eines Bügelschenkels | B94: A_Schenkel | C94: =PI()*C14^2/4 -> 113.09734 | D94: mm² | E94: — | F94: A_Schenkel = π·Ø_w²/4
A95: Kombinierte Bügelbewehrung (äußerer Schenkel) | B95: a_sw,tot | C95: =C80/C15+C88 -> 1509.1084 | D95: mm²/m | E95: §8.3.4 / 8.2.3 | F95: a_sw,tot = a_sw,V/n_w + a_sw,T (Querkraft verteilt + Torsion)
A96: Erforderlicher Bügelabstand | B96: s_erf | C96: =C94*1000/C95 -> 74.943151 | D96: mm | E96: — | F96: s = A_Schenkel·1000 / a_sw,tot
A97: Konstruktiv maximaler Bügelabstand | B97: s_max | C97: =MIN(0.75*C34,C40/8,MIN(C9,C10)) -> 407.25 | D97: mm | E97: §12.3.1 Tab. 12.1 (5 u. 10) | F97: s_max = min(0,75d·(1+cotα) ; u_k/8 ; min(b,h)) — Querkraft 0,75d, Torsion u_k/8 (kein 300-mm-Limit in 2025)
A98: GEWÄHLTER BÜGELABSTAND | B98: s | C98: =MIN(C96,C97) -> 74.943151 | D98: mm | F98: ="Geschlossener Bügel Ø"&C14&" alle "&FLOOR(C98,10)&" mm" -> Geschlossener Bügel Ø12 alle 70 mm
A99: Torsionslängsbewehrung an der Unterseite | B99: A_sl,T,unten | C99: =C89*(C9-C38)/C40 -> 208.46861 | D99: mm² | E99: §8.3.4(2) | F99: Anteil von A_sl,T proportional zur Breite (b−t_ef)/u_k
A100: GESAMTE UNTERE LÄNGSBEWEHRUNG | B100: A_s,unten | C100: =C52+C99 -> 2640.8618 | D100: mm² | E100: §12.3 / 8.1 | F100: A_s,unten = A_s,Biegung + A_sl,T,unten
A102: 8. ZUSAMMENFASSUNG UND NACHWEISE
A103: Bemessungsschnittgrößen | C103: ="M_Ed = "&C6&" kNm / V_Ed = "&C7&" kN / T_Ed = "&C8&" kNm" -> M_Ed = 250 kNm / V_Ed = 200 kN / T_Ed = 25 kNm
A104: Querschnitt und Baustoffe | C104: ="b/h = "&C9&"/"&C10&" mm · C"&C16&" · B"&C17&" · c_nom = "&C11&" mm" -> b/h = 3420/600 mm · C30 · B500 · c_nom = 35 mm
A105: Untere Längsbewehrung | C105: ="erforderlich "&ROUND(C100,0)&" mm² → vorhanden "&C13&"Ø"&C12&" = "&ROUND(C36,0)&" mm²" -> erforderlich 2641 mm² → vorhanden 10Ø20 = 3142 mm²
A106: Bügel (Querkraft + Torsion) | C106: =F98 -> Geschlossener Bügel Ø12 alle 70 mm
A107: Torsionslängsbewehrung (gesamt) | C107: =ROUND(C89,0)&" mm² über den Umfang verteilt (mind. 1 Stab je Ecke)" -> 462 mm² über den Umfang verteilt (mind. 1 Stab je Ecke)
...

Sheet Pfahl_DIN
A1: BEMESSUNG DER PFAHLBEWEHRUNG — KREISQUERSCHNITT AUS STAHLBETON
A2: DIN EN 1992-1-1:2011 (EC2) + DIN EN 1992-1-1/NA:2013 (Nationaler Anhang) · Konstruktive Durchbildung: DIN EN 1536 (Bohrpfähle) | Q2: Ángulo | R2: Contorno X | S2: Contorno Y | T2: Espiral X | U2: Espiral Y | V2: Barras X | W2: Barras Y
Q3: =(ROW()-3)*10 -> 0 | R3: =$C$34+$C$34*COS(RADIANS(Q3)) -> 600 | S3: =$C$34+$C$34*SIN(RADIANS(Q3)) -> 300 | T3: =$C$34+($C$34-$C$10)*COS(RADIANS(Q3)) -> 550 | U3: =$C$34+($C$34-$C$10)*SIN(RADIANS(Q3)) -> 300 | V3: =IF(ROW()-2<=$C$11,$C$34+$C$37*COS(RADIANS((ROW()-3)*360/$C$11)),NA()) -> 530 | W3: =IF(ROW()-2<=$C$11,$C$34+$C$37*SIN(RADIANS((ROW()-3)*360/$C$11)),NA()) -> 300
A4: 1. EINGABEDATEN (blaue Zellen = editierbar) | Q4: =(ROW()-3)*10 -> 10 | R4: =$C$34+$C$34*COS(RADIANS(Q4)) -> 595.44233 | S4: =$C$34+$C$34*SIN(RADIANS(Q4)) -> 352.09445 | T4: =$C$34+($C$34-$C$10)*COS(RADIANS(Q4)) -> 546.20194 | U4: =$C$34+($C$34-$C$10)*SIN(RADIANS(Q4)) -> 343.41204 | V4: =IF(ROW()-2<=$C$11,$C$34+$C$37*COS(RADIANS((ROW()-3)*360/$C$11)),NA()) -> 462.63456 | W4: =IF(ROW()-2<=$C$11,$C$34+$C$37*SIN(RADIANS((ROW()-3)*360/$C$11)),NA()) -> 462.63456
A5: Parameter | B5: Symbol | C5: Wert | D5: Einheit | E5: Bezug DIN EN 1992-1-1 / NA | F5: Anmerkung | Q5: =(ROW()-3)*10 -> 20 | R5: =$C$34+$C$34*COS(RADIANS(Q5)) -> 581.90779 | S5: =$C$34+$C$34*SIN(RADIANS(Q5)) -> 402.60604 | T5: =$C$34+($C$34-$C$10)*COS(RADIANS(Q5)) -> 534.92316 | U5: =$C$34+($C$34-$C$10)*SIN(RADIANS(Q5)) -> 385.50504 | V5: =IF(ROW()-2<=$C$11,$C$34+$C$37*COS(RADIANS((ROW()-3)*360/$C$11)),NA()) -> 300 | W5: =IF(ROW()-2<=$C$11,$C$34+$C$37*SIN(RADIANS((ROW()-3)*360/$C$11)),NA()) -> 530
A6: Bemessungswert der Normalkraft (Druck positiv) | B6: N_Ed | C6: 1000 | D6: kN | E6: 6.1 | F6: Bemessungskombination GZT (EN 1990) | Q6: =(ROW()-3)*10 -> 30 | R6: =$C$34+$C$34*COS(RADIANS(Q6)) -> 559.80762 | S6: =$C$34+$C$34*SIN(RADIANS(Q6)) -> 450 | T6: =$C$34+($C$34-$C$10)*COS(RADIANS(Q6)) -> 516.50635 | U6: =$C$34+($C$34-$C$10)*SIN(RADIANS(Q6)) -> 425 | V6: =IF(ROW()-2<=$C$11,$C$34+$C$37*COS(RADIANS((ROW()-3)*360/$C$11)),NA()) -> 137.36544 | W6: =IF(ROW()-2<=$C$11,$C$34+$C$37*SIN(RADIANS((ROW()-3)*360/$C$11)),NA()) -> 462.63456
A7: Bemessungswert der Querkraft | B7: V_Ed | C7: 300 | D7: kN | E7: 6.2.1 | Q7: =(ROW()-3)*10 -> 40 | R7: =$C$34+$C$34*COS(RADIANS(Q7)) -> 529.81333 | S7: =$C$34+$C$34*SIN(RADIANS(Q7)) -> 492.83628 | T7: =$C$34+($C$34-$C$10)*COS(RADIANS(Q7)) -> 491.51111 | U7: =$C$34+($C$34-$C$10)*SIN(RADIANS(Q7)) -> 460.6969 | V7: =IF(ROW()-2<=$C$11,$C$34+$C$37*COS(RADIANS((ROW()-3)*360/$C$11)),NA()) -> 70 | W7: =IF(ROW()-2<=$C$11,$C$34+$C$37*SIN(RADIANS((ROW()-3)*360/$C$11)),NA()) -> 300
A8: Bemessungswert des Moments im Schnitt (1. Ordnung) | B8: M_Ed | C8: 300 | D8: kNm | E8: 6.1 | Q8: =(ROW()-3)*10 -> 50 | R8: =$C$34+$C$34*COS(RADIANS(Q8)) -> 492.83628 | S8: =$C$34+$C$34*SIN(RADIANS(Q8)) -> 529.81333 | T8: =$C$34+($C$34-$C$10)*COS(RADIANS(Q8)) -> 460.6969 | U8: =$C$34+($C$34-$C$10)*SIN(RADIANS(Q8)) -> 491.51111 | V8: =IF(ROW()-2<=$C$11,$C$34+$C$37*COS(RADIANS((ROW()-3)*360/$C$11)),NA()) -> 137.36544 | W8: =IF(ROW()-2<=$C$11,$C$34+$C$37*SIN(RADIANS((ROW()-3)*360/$C$11)),NA()) -> 137.36544
A9: Pfahldurchmesser | B9: D = h | C9: 600 | D9: mm | E9: DIN EN 1536, 7.5 | Q9: =(ROW()-3)*10 -> 60 | R9: =$C$34+$C$34*COS(RADIANS(Q9)) -> 450 | S9: =$C$34+$C$34*SIN(RADIANS(Q9)) -> 559.80762 | T9: =$C$34+($C$34-$C$10)*COS(RADIANS(Q9)) -> 425 | U9: =$C$34+($C$34-$C$10)*SIN(RADIANS(Q9)) -> 516.50635 | V9: =IF(ROW()-2<=$C$11,$C$34+$C$37*COS(RADIANS((ROW()-3)*360/$C$11)),NA()) -> 300 | W9: =IF(ROW()-2<=$C$11,$C$34+$C$37*SIN(RADIANS((ROW()-3)*360/$C$11)),NA()) -> 70
A10: Nennmaß der Betondeckung | B10: c_nom | C10: 50 | D10: mm | E10: 4.4.1.1 / NA Tab. 4.4DE | Q10: =(ROW()-3)*10 -> 70 | R10: =$C$34+$C$34*COS(RADIANS(Q10)) -> 402.60604 | S10: =$C$34+$C$34*SIN(RADIANS(Q10)) -> 581.90779 | T10: =$C$34+($C$34-$C$10)*COS(RADIANS(Q10)) -> 385.50504 | U10: =$C$34+($C$34-$C$10)*SIN(RADIANS(Q10)) -> 534.92316 | V10: =IF(ROW()-2<=$C$11,$C$34+$C$37*COS(RADIANS((ROW()-3)*360/$C$11)),NA()) -> 462.63456 | W10: =IF(ROW()-2<=$C$11,$C$34+$C$37*SIN(RADIANS((ROW()-3)*360/$C$11)),NA()) -> 137.36544
A11: Anzahl der Längsbewehrungsstäbe | B11: n_l | C11: 8 | D11: - | E11: 9.8.5(3) | F11: ≥ 6 Stäbe | Q11: =(ROW()-3)*10 -> 80 | R11: =$C$34+$C$34*COS(RADIANS(Q11)) -> 352.09445 | S11: =$C$34+$C$34*SIN(RADIANS(Q11)) -> 595.44233 | T11: =$C$34+($C$34-$C$10)*COS(RADIANS(Q11)) -> 343.41204 | U11: =$C$34+($C$34-$C$10)*SIN(RADIANS(Q11)) -> 546.20194 | V11: =IF(ROW()-2<=$C$11,$C$34+$C$37*COS(RADIANS((ROW()-3)*360/$C$11)),NA()) -> #N/A | W11: =IF(ROW()-2<=$C$11,$C$34+$C$37*SIN(RADIANS((ROW()-3)*360/$C$11)),NA()) -> #N/A
A12: Durchmesser Längsstab | B12: Ø_l | C12: 20 | D12: mm | E12: 9.8.5(3) | F12: ≥ 16 mm | Q12: =(ROW()-3)*10 -> 90 | R12: =$C$34+$C$34*COS(RADIANS(Q12)) -> 300 | S12: =$C$34+$C$34*SIN(RADIANS(Q12)) -> 600 | T12: =$C$34+($C$34-$C$10)*COS(RADIANS(Q12)) -> 300 | U12: =$C$34+($C$34-$C$10)*SIN(RADIANS(Q12)) -> 550 | V12: =IF(ROW()-2<=$C$11,$C$34+$C$37*COS(RADIANS((ROW()-3)*360/$C$11)),NA()) -> #N/A | W12: =IF(ROW()-2<=$C$11,$C$34+$C$37*SIN(RADIANS((ROW()-3)*360/$C$11)),NA()) -> #N/A
A13: Durchmesser Wendel/Bügel | B13: Ø_w | C13: 10 | D13: mm | E13: DIN EN 1536, 7.5.2 | F13: ≥ 6 mm | Q13: =(ROW()-3)*10 -> 100 | R13: =$C$34+$C$34*COS(RADIANS(Q13)) -> 247.90555 | S13: =$C$34+$C$34*SIN(RADIANS(Q13)) -> 595.44233 | T13: =$C$34+($C$34-$C$10)*COS(RADIANS(Q13)) -> 256.58796 | U13: =$C$34+($C$34-$C$10)*SIN(RADIANS(Q13)) -> 546.20194 | V13: =IF(ROW()-2<=$C$11,$C$34+$C$37*COS(RADIANS((ROW()-3)*360/$C$11)),NA()) -> #N/A | W13: =IF(ROW()-2<=$C$11,$C$34+$C$37*SIN(RADIANS((ROW()-3)*360/$C$11)),NA()) -> #N/A
A14: Gewählte Ganghöhe der Wendel | B14: s_w | C14: 150 | D14: mm | E14: 9.2.2(6) / NA | Q14: =(ROW()-3)*10 -> 110 | R14: =$C$34+$C$34*COS(RADIANS(Q14)) -> 197.39396 | S14: =$C$34+$C$34*SIN(RADIANS(Q14)) -> 581.90779 | T14: =$C$34+($C$34-$C$10)*COS(RADIANS(Q14)) -> 214.49496 | U14: =$C$34+($C$34-$C$10)*SIN(RADIANS(Q14)) -> 534.92316 | V14: =IF(ROW()-2<=$C$11,$C$34+$C$37*COS(RADIANS((ROW()-3)*360/$C$11)),NA()) -> #N/A | W14: =IF(ROW()-2<=$C$11,$C$34+$C$37*SIN(RADIANS((ROW()-3)*360/$C$11)),NA()) -> #N/A
A15: Charakteristische Betondruckfestigkeit | B15: f_ck | C15: =_xlfn.XLOOKUP(F15,Aceros_DIN!$A$35:$A$43,Aceros_DIN!$B$35:$B$43) -> 25 | D15: N/mm² | E15: Tab. 3.1 | F15: C25/30 | Q15: =(ROW()-3)*10 -> 120 | R15: =$C$34+$C$34*COS(RADIANS(Q15)) -> 150 | S15: =$C$34+$C$34*SIN(RADIANS(Q15)) -> 559.80762 | T15: =$C$34+($C$34-$C$10)*COS(RADIANS(Q15)) -> 175 | U15: =$C$34+($C$34-$C$10)*SIN(RADIANS(Q15)) -> 516.50635 | V15: =IF(ROW()-2<=$C$11,$C$34+$C$37*COS(RADIANS((ROW()-3)*360/$C$11)),NA()) -> #N/A | W15: =IF(ROW()-2<=$C$11,$C$34+$C$37*SIN(RADIANS((ROW()-3)*360/$C$11)),NA()) -> #N/A
A16: Streckgrenze des Betonstahls | B16: f_yk | C16: =_xlfn.XLOOKUP(F16,Aceros_DIN!$A$47:$A$49,Aceros_DIN!$B$47:$B$49) -> 500 | D16: N/mm² | E16: 3.2.2 (B500) | F16: B500B | Q16: =(ROW()-3)*10 -> 130 | R16: =$C$34+$C$34*COS(RADIANS(Q16)) -> 107.16372 | S16: =$C$34+$C$34*SIN(RADIANS(Q16)) -> 529.81333 | T16: =$C$34+($C$34-$C$10)*COS(RADIANS(Q16)) -> 139.3031 | U16: =$C$34+($C$34-$C$10)*SIN(RADIANS(Q16)) -> 491.51111 | V16: =IF(ROW()-2<=$C$11,$C$34+$C$37*COS(RADIANS((ROW()-3)*360/$C$11)),NA()) -> #N/A | W16: =IF(ROW()-2<=$C$11,$C$34+$C$37*SIN(RADIANS((ROW()-3)*360/$C$11)),NA()) -> #N/A
A17: Teilsicherheitsbeiwert Beton | B17: γ_c | C17: 1.5 | D17: - | E17: Tab. 2.1DE (NA) | Q17: =(ROW()-3)*10 -> 140 | R17: =$C$34+$C$34*COS(RADIANS(Q17)) -> 70.186667 | S17: =$C$34+$C$34*SIN(RADIANS(Q17)) -> 492.83628 | T17: =$C$34+($C$34-$C$10)*COS(RADIANS(Q17)) -> 108.48889 | U17: =$C$34+($C$34-$C$10)*SIN(RADIANS(Q17)) -> 460.6969 | V17: =IF(ROW()-2<=$C$11,$C$34+$C$37*COS(RADIANS((ROW()-3)*360/$C$11)),NA()) -> #N/A | W17: =IF(ROW()-2<=$C$11,$C$34+$C$37*SIN(RADIANS((ROW()-3)*360/$C$11)),NA()) -> #N/A
A18: Teilsicherheitsbeiwert Betonstahl | B18: γ_s | C18: 1.15 | D18: - | E18: Tab. 2.1DE (NA) | Q18: =(ROW()-3)*10 -> 150 | R18: =$C$34+$C$34*COS(RADIANS(Q18)) -> 40.192379 | S18: =$C$34+$C$34*SIN(RADIANS(Q18)) -> 450 | T18: =$C$34+($C$34-$C$10)*COS(RADIANS(Q18)) -> 83.493649 | U18: =$C$34+($C$34-$C$10)*SIN(RADIANS(Q18)) -> 425 | V18: =IF(ROW()-2<=$C$11,$C$34+$C$37*COS(RADIANS((ROW()-3)*360/$C$11)),NA()) -> #N/A | W18: =IF(ROW()-2<=$C$11,$C$34+$C$37*SIN(RADIANS((ROW()-3)*360/$C$11)),NA()) -> #N/A
A19: Beiwert Dauerstandeinfluss | B19: α_cc | C19: 0.85 | D19: - | E19: NA 3.1.6(1) | Q19: =(ROW()-3)*10 -> 160 | R19: =$C$34+$C$34*COS(RADIANS(Q19)) -> 18.092214 | S19: =$C$34+$C$34*SIN(RADIANS(Q19)) -> 402.60604 | T19: =$C$34+($C$34-$C$10)*COS(RADIANS(Q19)) -> 65.076845 | U19: =$C$34+($C$34-$C$10)*SIN(RADIANS(Q19)) -> 385.50504 | V19: =IF(ROW()-2<=$C$11,$C$34+$C$37*COS(RADIANS((ROW()-3)*360/$C$11)),NA()) -> #N/A | W19: =IF(ROW()-2<=$C$11,$C$34+$C$37*SIN(RADIANS((ROW()-3)*360/$C$11)),NA()) -> #N/A
A20: Knicklänge (0 = Theorie II. Ordnung nicht ansetzen) | B20: l_0 | C20: 3000 | D20: mm | E20: 5.8.3.2 | Q20: =(ROW()-3)*10 -> 170 | R20: =$C$34+$C$34*COS(RADIANS(Q20)) -> 4.5576741 | S20: =$C$34+$C$34*SIN(RADIANS(Q20)) -> 352.09445 | T20: =$C$34+($C$34-$C$10)*COS(RADIANS(Q20)) -> 53.798062 | U20: =$C$34+($C$34-$C$10)*SIN(RADIANS(Q20)) -> 343.41204 | V20: =IF(ROW()-2<=$C$11,$C$34+$C$37*COS(RADIANS((ROW()-3)*360/$C$11)),NA()) -> #N/A | W20: =IF(ROW()-2<=$C$11,$C$34+$C$37*SIN(RADIANS((ROW()-3)*360/$C$11)),NA()) -> #N/A
A21: cot θ gewählt (0 = automatisch nach NA) | B21: cot θ | C21: 0 | D21: - | E21: NA 6.2.3(2), ec. (6.7aDE) | Q21: =(ROW()-3)*10 -> 180 | R21: =$C$34+$C$34*COS(RADIANS(Q21)) -> 0 | S21: =$C$34+$C$34*SIN(RADIANS(Q21)) -> 300 | T21: =$C$34+($C$34-$C$10)*COS(RADIANS(Q21)) -> 50 | U21: =$C$34+($C$34-$C$10)*SIN(RADIANS(Q21)) -> 300 | V21: =IF(ROW()-2<=$C$11,$C$34+$C$37*COS(RADIANS((ROW()-3)*360/$C$11)),NA()) -> #N/A | W21: =IF(ROW()-2<=$C$11,$C$34+$C$37*SIN(RADIANS((ROW()-3)*360/$C$11)),NA()) -> #N/A
Q22: =(ROW()-3)*10 -> 190 | R22: =$C$34+$C$34*COS(RADIANS(Q22)) -> 4.5576741 | S22: =$C$34+$C$34*SIN(RADIANS(Q22)) -> 247.90555 | T22: =$C$34+($C$34-$C$10)*COS(RADIANS(Q22)) -> 53.798062 | U22: =$C$34+($C$34-$C$10)*SIN(RADIANS(Q22)) -> 256.58796 | V22: =IF(ROW()-2<=$C$11,$C$34+$C$37*COS(RADIANS((ROW()-3)*360/$C$11)),NA()) -> #N/A | W22: =IF(ROW()-2<=$C$11,$C$34+$C$37*SIN(RADIANS((ROW()-3)*360/$C$11)),NA()) -> #N/A
A23: 2. BAUSTOFFE | Q23: =(ROW()-3)*10 -> 200 | R23: =$C$34+$C$34*COS(RADIANS(Q23)) -> 18.092214 | S23: =$C$34+$C$34*SIN(RADIANS(Q23)) -> 197.39396 | T23: =$C$34+($C$34-$C$10)*COS(RADIANS(Q23)) -> 65.076845 | U23: =$C$34+($C$34-$C$10)*SIN(RADIANS(Q23)) -> 214.49496 | V23: =IF(ROW()-2<=$C$11,$C$34+$C$37*COS(RADIANS((ROW()-3)*360/$C$11)),NA()) -> #N/A | W23: =IF(ROW()-2<=$C$11,$C$34+$C$37*SIN(RADIANS((ROW()-3)*360/$C$11)),NA()) -> #N/A
A24: Bemessungswert der Betondruckfestigkeit | B24: f_cd | C24: =C19*C15/C17 -> 14.166667 | D24: N/mm² | E24: 3.1.6(1), Gl. (3.15) | F24: f_cd = α_cc · f_ck / γ_c | Q24: =(ROW()-3)*10 -> 210 | R24: =$C$34+$C$34*COS(RADIANS(Q24)) -> 40.192379 | S24: =$C$34+$C$34*SIN(RADIANS(Q24)) -> 150 | T24: =$C$34+($C$34-$C$10)*COS(RADIANS(Q24)) -> 83.493649 | U24: =$C$34+($C$34-$C$10)*SIN(RADIANS(Q24)) -> 175 | V24: =IF(ROW()-2<=$C$11,$C$34+$C$37*COS(RADIANS((ROW()-3)*360/$C$11)),NA()) -> #N/A | W24: =IF(ROW()-2<=$C$11,$C$34+$C$37*SIN(RADIANS((ROW()-3)*360/$C$11)),NA()) -> #N/A
A25: Mittlere Betonzugfestigkeit | B25: f_ctm | C25: =IF(C15<=50,0.3*C15^(2/3),2.12*LN(1+(C15+8)/10)) -> 2.5649639 | D25: N/mm² | E25: Tab. 3.1 | Q25: =(ROW()-3)*10 -> 220 | R25: =$C$34+$C$34*COS(RADIANS(Q25)) -> 70.186667 | S25: =$C$34+$C$34*SIN(RADIANS(Q25)) -> 107.16372 | T25: =$C$34+($C$34-$C$10)*COS(RADIANS(Q25)) -> 108.48889 | U25: =$C$34+($C$34-$C$10)*SIN(RADIANS(Q25)) -> 139.3031 | V25: =IF(ROW()-2<=$C$11,$C$34+$C$37*COS(RADIANS((ROW()-3)*360/$C$11)),NA()) -> #N/A | W25: =IF(ROW()-2<=$C$11,$C$34+$C$37*SIN(RADIANS((ROW()-3)*360/$C$11)),NA()) -> #N/A
A26: Bemessungswert der Stahlstreckgrenze | B26: f_yd | C26: =C16/C18 -> 434.78261 | D26: N/mm² | E26: 3.2.7(2), Bild 3.8 | Q26: =(ROW()-3)*10 -> 230 | R26: =$C$34+$C$34*COS(RADIANS(Q26)) -> 107.16372 | S26: =$C$34+$C$34*SIN(RADIANS(Q26)) -> 70.186667 | T26: =$C$34+($C$34-$C$10)*COS(RADIANS(Q26)) -> 139.3031 | U26: =$C$34+($C$34-$C$10)*SIN(RADIANS(Q26)) -> 108.48889 | V26: =IF(ROW()-2<=$C$11,$C$34+$C$37*COS(RADIANS((ROW()-3)*360/$C$11)),NA()) -> #N/A | W26: =IF(ROW()-2<=$C$11,$C$34+$C$37*SIN(RADIANS((ROW()-3)*360/$C$11)),NA()) -> #N/A
A27: Elastizitätsmodul Betonstahl | B27: E_s | C27: 200000 | D27: N/mm² | E27: 3.2.7(4) | Q27: =(ROW()-3)*10 -> 240 | R27: =$C$34+$C$34*COS(RADIANS(Q27)) -> 150 | S27: =$C$34+$C$34*SIN(RADIANS(Q27)) -> 40.192379 | T27: =$C$34+($C$34-$C$10)*COS(RADIANS(Q27)) -> 175 | U27: =$C$34+($C$34-$C$10)*SIN(RADIANS(Q27)) -> 83.493649
A28: Bemessungswert der Fließdehnung | B28: ε_yd | C28: =C26/C27 -> 0.002173913 | D28: - | E28: 3.2.7(2) | Q28: =(ROW()-3)*10 -> 250 | R28: =$C$34+$C$34*COS(RADIANS(Q28)) -> 197.39396 | S28: =$C$34+$C$34*SIN(RADIANS(Q28)) -> 18.092214 | T28: =$C$34+($C$34-$C$10)*COS(RADIANS(Q28)) -> 214.49496 | U28: =$C$34+($C$34-$C$10)*SIN(RADIANS(Q28)) -> 65.076845
A29: Grenzdehnung des Betons (Biegung) | B29: ε_cu2 | C29: 3.5 | D29: ‰ | E29: Tab. 3.1 / 3.1.7(3) | Q29: =(ROW()-3)*10 -> 260 | R29: =$C$34+$C$34*COS(RADIANS(Q29)) -> 247.90555 | S29: =$C$34+$C$34*SIN(RADIANS(Q29)) -> 4.5576741 | T29: =$C$34+($C$34-$C$10)*COS(RADIANS(Q29)) -> 256.58796 | U29: =$C$34+($C$34-$C$10)*SIN(RADIANS(Q29)) -> 53.798062
A30: Stauchung bei zentrischem Druck | B30: ε_c2 | C30: 2 | D30: ‰ | E30: Tab. 3.1 (Punkt C, Bild 6.1) | Q30: =(ROW()-3)*10 -> 270 | R30: =$C$34+$C$34*COS(RADIANS(Q30)) -> 300 | S30: =$C$34+$C$34*SIN(RADIANS(Q30)) -> 0 | T30: =$C$34+($C$34-$C$10)*COS(RADIANS(Q30)) -> 300 | U30: =$C$34+($C$34-$C$10)*SIN(RADIANS(Q30)) -> 50
A31: Grenzdehnung des Betonstahls | B31: ε_ud | C31: 25 | D31: ‰ | E31: NA 3.2.7(2): ε_ud = 25 ‰ | Q31: =(ROW()-3)*10 -> 280 | R31: =$C$34+$C$34*COS(RADIANS(Q31)) -> 352.09445 | S31: =$C$34+$C$34*SIN(RADIANS(Q31)) -> 4.5576741 | T31: =$C$34+($C$34-$C$10)*COS(RADIANS(Q31)) -> 343.41204 | U31: =$C$34+($C$34-$C$10)*SIN(RADIANS(Q31)) -> 53.798062
Q32: =(ROW()-3)*10 -> 290 | R32: =$C$34+$C$34*COS(RADIANS(Q32)) -> 402.60604 | S32: =$C$34+$C$34*SIN(RADIANS(Q32)) -> 18.092214 | T32: =$C$34+($C$34-$C$10)*COS(RADIANS(Q32)) -> 385.50504 | U32: =$C$34+($C$34-$C$10)*SIN(RADIANS(Q32)) -> 65.076845
A33: 3. QUERSCHNITTSGEOMETRIE | Q33: =(ROW()-3)*10 -> 300 | R33: =$C$34+$C$34*COS(RADIANS(Q33)) -> 450 | S33: =$C$34+$C$34*SIN(RADIANS(Q33)) -> 40.192379 | T33: =$C$34+($C$34-$C$10)*COS(RADIANS(Q33)) -> 425 | U33: =$C$34+($C$34-$C$10)*SIN(RADIANS(Q33)) -> 83.493649
A34: Außenradius | B34: r | C34: =C9/2 -> 300 | D34: mm | Q34: =(ROW()-3)*10 -> 310 | R34: =$C$34+$C$34*COS(RADIANS(Q34)) -> 492.83628 | S34: =$C$34+$C$34*SIN(RADIANS(Q34)) -> 70.186667 | T34: =$C$34+($C$34-$C$10)*COS(RADIANS(Q34)) -> 460.6969 | U34: =$C$34+($C$34-$C$10)*SIN(RADIANS(Q34)) -> 108.48889
A35: Betonquerschnittsfläche | B35: A_c | C35: =PI()*C9^2/4 -> 282743.34 | D35: mm² | Q35: =(ROW()-3)*10 -> 320 | R35: =$C$34+$C$34*COS(RADIANS(Q35)) -> 529.81333 | S35: =$C$34+$C$34*SIN(RADIANS(Q35)) -> 107.16372 | T35: =$C$34+($C$34-$C$10)*COS(RADIANS(Q35)) -> 491.51111 | U35: =$C$34+($C$34-$C$10)*SIN(RADIANS(Q35)) -> 139.3031
A36: Achsabstand Bewehrung vom Rand | B36: d_1 | C36: =C10+C13+C12/2 -> 70 | D36: mm | E36: 4.4.1 | Q36: =(ROW()-3)*10 -> 330 | R36: =$C$34+$C$34*COS(RADIANS(Q36)) -> 559.80762 | S36: =$C$34+$C$34*SIN(RADIANS(Q36)) -> 150 | T36: =$C$34+($C$34-$C$10)*COS(RADIANS(Q36)) -> 516.50635 | U36: =$C$34+($C$34-$C$10)*SIN(RADIANS(Q36)) -> 175
A37: Radius des Bewehrungskreises | B37: r_s | C37: =C34-C36 -> 230 | D37: mm | Q37: =(ROW()-3)*10 -> 340 | R37: =$C$34+$C$34*COS(RADIANS(Q37)) -> 581.90779 | S37: =$C$34+$C$34*SIN(RADIANS(Q37)) -> 197.39396 | T37: =$C$34+($C$34-$C$10)*COS(RADIANS(Q37)) -> 534.92316 | U37: =$C$34+($C$34-$C$10)*SIN(RADIANS(Q37)) -> 214.49496
A38: Rechnerische Nutzhöhe für Querkraft | B38: d | C38: =C34+2*C37/PI() -> 446.42255 | D38: mm | E38: 6.2.1 / DAfStb-Heft 600 | Q38: =(ROW()-3)*10 -> 350 | R38: =$C$34+$C$34*COS(RADIANS(Q38)) -> 595.44233 | S38: =$C$34+$C$34*SIN(RADIANS(Q38)) -> 247.90555 | T38: =$C$34+($C$34-$C$10)*COS(RADIANS(Q38)) -> 546.20194 | U38: =$C$34+($C$34-$C$10)*SIN(RADIANS(Q38)) -> 256.58796
A39: Innerer Hebelarm für Querkraft | B39: z | C39: =0.9*C38 -> 401.78029 | D39: mm | E39: 6.2.3(1) | Q39: =(ROW()-3)*10 -> 360 | R39: =$C$34+$C$34*COS(RADIANS(Q39)) -> 600 | S39: =$C$34+$C$34*SIN(RADIANS(Q39)) -> 300 | T39: =$C$34+($C$34-$C$10)*COS(RADIANS(Q39)) -> 550 | U39: =$C$34+($C$34-$C$10)*SIN(RADIANS(Q39)) -> 300
A40: Vorhandene Längsbewehrungsfläche | B40: A_s,prov | C40: =C11*PI()*C12^2/4 -> 2513.2741 | D40: mm²
A41: Lichter Abstand der Längsstäbe | B41: s_l | C41: =PI()*2*C37/C11-C12 -> 160.64158 | D41: mm | E41: 8.2 / DIN EN 1536, 7.5.2 | F41: ≥ 100 mm empfohlen bei Betonage mit Kontraktorrohr (Tremie)
A43: 4. SCHLANKHEIT, IMPERFEKTIONEN UND THEORIE II. ORDNUNG
A44: Trägheitsradius des Kreisquerschnitts | B44: i | C44: =C9/4 -> 150 | D44: mm | E44: 5.8.3.2(1) | F44: i = D/4 bei Kreisquerschnitt
A45: Mechanische Schlankheit | B45: λ | C45: =IF(C20>0,C20/C44,0) -> 20 | D45: - | E45: 5.8.3.2(1), Gl. (5.14)
A46: Bezogene Normalkraft | B46: n | C46: =C6*1000/(C35*C24) -> 0.24965481 | D46: - | E46: 5.8.3.1(1), Gl. (5.13N)
A47: Grenzschlankheit | B47: λ_lim | C47: =IF(ABS(C46)<=0.41,25,16/SQRT(ABS(C46))) -> 25 | D47: - | E47: NA 5.8.3.1(1), Gl. (5.13aDE) | F47: λ_lim = 25 wenn |n| ≤ 0,41 ; sonst 16/√|n|
A48: Sind Effekte nach Theorie II. Ordnung zu berücksichtigen? | B48: - | C48: =IF(C45>C47,"JA (λ > λ_lim)","NEIN (λ ≤ λ_lim)") -> NEIN (λ ≤ λ_lim) | E48: 5.8.3.1(1)
A49: Ausmitte infolge geometrischer Imperfektion | B49: e_i | C49: =C20/400 -> 7.5 | D49: mm | E49: 5.2(7), θ_i = 1/400
A50: Beiwert für Achslastverhältnis (konservativ = 1,0) | B50: K_r | C50: 1 | D50: - | E50: 5.8.8.3(3), Gl. (5.36) | F50: K_r = (n_u − n)/(n_u − n_bal) ≤ 1; auf der sicheren Seite mit 1,0 angesetzt
A51: Kriechbeiwert (φ_ef) | B51: K_φ | C51: 1 | D51: - | E51: 5.8.8.3(4), Gl. (5.37) | F51: K_φ = 1 + β·φ_ef ≥ 1; bei Kriechnachweis anpassen
A52: Nutzhöhe für Krümmung (h/2 + i_s) | B52: d_χ | C52: =C34+C37 -> 530 | D52: mm | E52: 5.8.8.3(2)
A53: Bemessungskrümmung | B53: 1/r | C53: =C50*C51*C28/(0.45*C52) -> 9.1149394e-06 | D53: 1/mm | E53: 5.8.8.3(1), Gl. (5.34)
A54: Ausmitte nach Theorie II. Ordnung | B54: e_2 | C54: =IF(C45>C47,C53*C20^2/10,0) -> 0 | D54: mm | E54: 5.8.8.2(3)+(4), c = 10 ≈ π²
A55: Mindestausmitte | B55: e_0,min | C55: =MAX(C9/30,20) -> 20 | D55: mm | E55: 6.1(4)
A56: Bemessungsmoment gesamt (für die Bewehrung) | B56: M_Ed,tot | C56: =MAX(C8+C6*(C49+C54)/1000,C6*C55/1000) -> 307.5 | D56: kNm | E56: 5.8.8.2(1), Gl. (5.31) + 6.1(4) | F56: M_Ed,tot = M_Ed + N_Ed·(e_i + e_2) ≥ N_Ed·e_0,min
A58: 5. BIEGUNG MIT LÄNGSKRAFT — LÄNGSBEWEHRUNG (» dimensionsloses μ–ν–ω-Diagramm)
A59: Bezogene Normalkraft | B59: ν_Ed | C59: =C6*1000/(C35*C24) -> 0.24965481 | D59: - | E59: 6.1 / DAfStb-Heft 600 (Interaktionsdiagramme) | F59: ν_Ed = N_Ed / (A_c·f_cd)
A60: Bezogenes Moment | B60: μ_Ed | C60: =C56*1000000/(C35*C9*C24) -> 0.12794809 | D60: - | E60: 6.1 / 3.1.7(3) Rechteckblock | F60: μ_Ed = M_Ed,tot / (A_c·h·f_cd)
A61: Erforderlicher mechanischer Bewehrungsgrad (Blatt Nomogramm) | B61: ω | C61: =Nomogramm!C28 -> 0.18949758 | D61: - | E61: Gleichgewicht 6.1 + 3.1.7(3) | F61: ω = A_s·f_yd/(A_c·f_cd), ringförmig verteilte Bewehrung
A62: Bezogene Druckzonenhöhe | B62: ξ = x/h | C62: =Nomogramm!C22 -> 0.41 | D62: - | E62: Bild 6.1 (Dehnungsbereiche)
A63: Druckzonenhöhe | B63: x | C63: =Nomogramm!C23 -> 246 | D63: mm
A64: Status der Lösung | C64: =Nomogramm!C27 -> OK — Lösung durch Interpolation ermittelt
A65: Erforderliche Längsbewehrungsfläche | B65: A_s,erf | C65: =IFERROR(C61*C35*C24/C26,NA()) -> 1745.7883 | D65: mm² | E65: 6.1 | F65: A_s = ω·A_c·f_cd/f_yd
A67: 6. GRENZWERTE UND KONSTRUKTIVE DURCHBILDUNG DER LÄNGSBEWEHRUNG
A68: Mindestbewehrung für Bohrpfähle | B68: A_s,min,Pfahl | C68: =IF(C35<=500000,0.005*C35,IF(C35<=1000000,2500,0.0025*C35)) -> 1413.7167 | D68: mm² | E68: 9.8.5(3), Tab. 9.6N + NA | F68: A_c ≤ 0,5 m²: 0,5%·A_c ; 0,5–1,0 m²: 25 cm² ; > 1,0 m²: 0,25%·A_c
A69: Mindestbewehrung für Druckglieder | B69: A_s,min,Stütze | C69: =0.15*ABS(C6)*1000/C26 -> 345 | D69: mm² | E69: 9.5.2(2), Gl. (9.12N) | F69: A_s,min = 0,15·|N_Ed|/f_yd
A70: Maßgebende Mindestbewehrung | B70: A_s,min | C70: =MAX(C68,C69) -> 1413.7167 | D70: mm² | E70: 9.5.2 / 9.8.5
A71: Höchstbewehrung | B71: A_s,max | C71: =0.09*C35 -> 25446.9 | D71: mm² | E71: NA 9.5.2(3) | F71: A_s,max = 0,09·A_c (auch in Übergreifungsbereichen)
A72: ERFORDERLICHE LÄNGSBEWEHRUNG (maßgebend) | B72: A_s,erf | C72: =MAX(IFERROR(C65,0),C70) -> 1745.7883 | D72: mm²
A73: Vorhandene Bewehrung (n_l Ø_l) | B73: A_s,prov | C73: =C40 -> 2513.2741 | D73: mm² | F73: =C11&" Ø"&C12&" mm" -> 8 Ø20 mm
A74: Nachweis A_s,vorh ≥ A_s,erf | C74: =IF(C73>=C72,"OK","NICHT ERFÜLLT – Stabzahl oder -durchmesser erhöhen") -> OK | E74: 6.1
A75: Nachweis A_s,vorh ≤ A_s,max | C75: =IF(C73<=C71,"OK","NICHT ERFÜLLT – überschreitet 0,09·A_c") -> OK | E75: NA 9.5.2(3)
A76: Nachweis n_l ≥ 6 und Ø_l ≥ 16 mm | C76: =IF(AND(C11>=6,C12>=16),"OK","NICHT ERFÜLLT") -> OK | E76: 9.8.5(3)
A77: Nachweis lichter Abstand s_l ≥ 100 mm | C77: =IF(C41>=100,"OK","PRÜFEN – Betonage mit Kontraktorrohr") -> OK | E77: DIN EN 1536, 7.5.2 / 8.2
A79: 7. NACHWEIS DER QUERKRAFTTRAGFÄHIGKEIT (6.2 + Nationaler Anhang)
A80: Rechnerische Stegbreite | B80: b_w | C80: =C9 -> 600 | D80: mm | E80: 6.2.1 / DAfStb-Heft 600 | F80: Kreisquerschnitt: b_w = D (mit d gemäß Zeile 38)
A81: Mittlere Betonlängsdruckspannung (≤ 0,2·f_cd) | B81: σ_cp | C81: =MIN(C6*1000/C35,0.2*C24) -> 2.8333333 | D81: N/mm² | E81: 6.2.2(1), Gl. (6.2a)
A82: Längsbewehrungsgrad der Zugzone (≤ 2 %) | B82: ρ_l | C82: =MIN(C73/2/(C80*C38),0.02) -> 0.0046915083 | D82: - | E82: 6.2.2(1) | F82: Es wird die Hälfte des Bewehrungsrings als wirksam angesetzt (gezogener Halbkreis)
A83: Maßstabsfaktor | B83: k | C83: =MIN(1+SQRT(200/C38),2) -> 1.6693325 | D83: - | E83: 6.2.2(1)
A84: Beiwert C_Rd,c | B84: C_Rd,c | C84: =0.15/C17 -> 0.1 | D84: - | E84: NA 6.2.2(1): C_Rd,c = 0,15/γ_c
A85: Beiwert für Normalkraft | B85: k_1 | C85: 0.12 | D85: - | E85: NA 6.2.2(1): k_1 = 0,12
A86: Beiwert κ_1 für v_min | B86: κ_1 | C86: =IF(C38<=600,0.0525,IF(C38>=800,0.0375,0.0525+(C38-600)*(0.0375-0.0525)/200)) -> 0.0525 | D86: - | E86: NA 6.2.2(1), Gl. (6.3aDE) | F86: κ_1 = 0,0525 (d ≤ 600 mm) ; 0,0375 (d ≥ 800 mm)
A87: Mindestwert der Querkrafttragfähigkeit | B87: v_min | C87: =C86/C17*C83^1.5*SQRT(C15) -> 0.37744383 | D87: N/mm² | E87: NA 6.2.2(1), Gl. (6.3aDE)
A88: Querkrafttragfähigkeit ohne Querkraftbewehrung | B88: V_Rd,c | C88: =(MAX(C84*C83*(100*C82*C15)^(1/3),C87)+C85*C81)*C80*C38/1000 -> 192.66178 | D88: kN | E88: 6.2.2(1), Gl. (6.2a) und (6.2b)
A89: Ist Querkraftbewehrung erforderlich? | C89: =IF(C7>C88,"JA (V_Ed > V_Rd,c)","NEIN (V_Ed ≤ V_Rd,c) – Mindestbewehrung anordnen") -> JA (V_Ed > V_Rd,c) | E89: 6.2.1(3)
A90: Betonlängsspannung (Druck negativ) | B90: σ_cd | C90: =-C6*1000/C35 -> -3.5367765 | D90: N/mm² | E90: NA 6.2.3(2) | F90: σ_cd = −N_Ed/A_c im Schwerpunkt (EC2-Vorzeichen: Druck −)
A91: Betontraganteil der Querkraft | B91: V_Rd,cc | C91: =0.5*0.48*C15^(1/3)*(1-1.2*C90/C24)*C80*C39/1000 -> 219.85486 | D91: kN | E91: NA 6.2.3(2), Gl. (6.7bDE), c = 0,5
A92: Rechnerische Druckstrebenneigung (Grenzen 1,0 – 3,0) | B92: cot θ_ber | C92: =IF(C7<=0,1,IF((1-C91/C7)<=0,3,MEDIAN(1,(1.2+1.4*C90/C24)/(1-C91/C7),3))) -> 3 | D92: - | E92: NA 6.2.3(2), Gl. (6.7aDE)
A93: Gewählte Druckstrebenneigung | B93: cot θ | C93: =IF(C21>0,MEDIAN(1,C21,3),C92) -> 3 | D93: - | E93: NA 6.2.3(2) | F93: Es wird der Wert aus Zeile 21 verwendet, falls > 0; sonst der automatische Wert
A94: Abminderungsbeiwert der Druckstrebenfestigkeit | B94: ν_1 | C94: 0.75 | D94: - | E94: NA 6.2.3(3): ν_1 = 0,75 (≤ C50/60)
A95: Grenztragfähigkeit der Druckstrebe | B95: V_Rd,max | C95: =C80*C39*C94*C24/(C93+1/C93)/1000 -> 768.40481 | D95: kN | E95: 6.2.3(3), Gl. (6.9)
A96: Nachweis V_Ed ≤ V_Rd,max | C96: =IF(C7<=C95,"OK","NICHT ERFÜLLT – D oder f_ck erhöhen") -> OK | E96: 6.2.3(3)
A97: Rechnerisch erforderliche Querkraftbewehrung | B97: (A_sw/s)_erf | C97: =C7*1000/(C39*C26*C93) -> 0.57245217 | D97: mm²/mm | E97: 6.2.3(3), Gl. (6.8) | F97: A_sw/s = V_Ed/(z·f_ywd·cotθ)
A98: Mindestquerkraftbewehrungsgrad | B98: ρ_w,min | C98: =0.16*C25/C16 -> 0.00082078845 | D98: - | E98: NA 9.2.2(5), Gl. (9.5aDE) | F98: ρ_w,min = 0,16·f_ctm/f_yk
A99: Mindestquerkraftbewehrung | B99: (A_sw/s)_min | C99: =C98*C80 -> 0.49247307 | D99: mm²/mm | E99: 9.2.2(5)
A100: MASSGEBENDE QUERKRAFTBEWEHRUNG | B100: (A_sw/s)_erf | C100: =MAX(C97,C99) -> 0.57245217 | D100: mm²/mm
A101: Wendelfläche je Ganghöhe (2 geschnittene Schenkel) | B101: A_sw | C101: =2*PI()*C13^2/4 -> 157.07963 | D101: mm² | E101: 6.2.3(3) | F101: Kreisförmige Wendel/Bügel: 2 Schenkel durchqueren den Schubriss
A102: Rechnerisch erforderliche Ganghöhe | B102: s_erf | C102: =C101/C100 -> 274.39783 | D102: mm
A103: Konstruktiv maximale Ganghöhe | B103: s_max | C103: =IF(C7<=0.3*C95,MIN(0.7*C9,300),IF(C7<=0.6*C95,MIN(0.5*C9,300),MIN(0.25*C9,200))) -> 300 | D103: mm | E103: NA 9.2.2(6), Tab. NA 9.1
A104: ERFORDERLICHE WENDELGANGHÖHE | B104: s_erf | C104: =MIN(C102,C103) -> 274.39783 | D104: mm | F104: ="Wendel Ø"&C13&" mm alle "&FLOOR(C104,10)&" mm anordnen" -> Wendel Ø10 mm alle 270 mm anordnen
...

Sheet Pfahl_2025
A1: BEMESSUNG DER PFAHLBEWEHRUNG — KREISQUERSCHNITT AUS STAHLBETON
A2: DIN EN 1992-1-1:2025 (EC2) + DIN EN 1992-1-1/NA1:2025 · Kreisquerschnitt aus Stahlbeton · Bemessung DIN EN 1536 (Bohrpfähle) | Q2: Ángulo | R2: Contorno X | S2: Contorno Y | T2: Espiral X | U2: Espiral Y | V2: Barras X | W2: Barras Y
Q3: =(ROW()-3)*10 -> 0 | R3: =$C$34+$C$34*COS(RADIANS(Q3)) -> 600 | S3: =$C$34+$C$34*SIN(RADIANS(Q3)) -> 300 | T3: =$C$34+($C$34-$C$10)*COS(RADIANS(Q3)) -> 550 | U3: =$C$34+($C$34-$C$10)*SIN(RADIANS(Q3)) -> 300 | V3: =IF(ROW()-2<=$C$11,$C$34+$C$37*COS(RADIANS((ROW()-3)*360/$C$11)),NA()) -> 530 | W3: =IF(ROW()-2<=$C$11,$C$34+$C$37*SIN(RADIANS((ROW()-3)*360/$C$11)),NA()) -> 300
A4: 1. EINGABEDATEN (blaue Zellen = editierbar) | Q4: =(ROW()-3)*10 -> 10 | R4: =$C$34+$C$34*COS(RADIANS(Q4)) -> 595.44233 | S4: =$C$34+$C$34*SIN(RADIANS(Q4)) -> 352.09445 | T4: =$C$34+($C$34-$C$10)*COS(RADIANS(Q4)) -> 546.20194 | U4: =$C$34+($C$34-$C$10)*SIN(RADIANS(Q4)) -> 343.41204 | V4: =IF(ROW()-2<=$C$11,$C$34+$C$37*COS(RADIANS((ROW()-3)*360/$C$11)),NA()) -> 462.63456 | W4: =IF(ROW()-2<=$C$11,$C$34+$C$37*SIN(RADIANS((ROW()-3)*360/$C$11)),NA()) -> 462.63456
A5: Parameter | B5: Symbol | C5: Wert | D5: Einheit | E5: Bezug DIN EN 1992-1-1 / NA | F5: Anmerkung | Q5: =(ROW()-3)*10 -> 20 | R5: =$C$34+$C$34*COS(RADIANS(Q5)) -> 581.90779 | S5: =$C$34+$C$34*SIN(RADIANS(Q5)) -> 402.60604 | T5: =$C$34+($C$34-$C$10)*COS(RADIANS(Q5)) -> 534.92316 | U5: =$C$34+($C$34-$C$10)*SIN(RADIANS(Q5)) -> 385.50504 | V5: =IF(ROW()-2<=$C$11,$C$34+$C$37*COS(RADIANS((ROW()-3)*360/$C$11)),NA()) -> 300 | W5: =IF(ROW()-2<=$C$11,$C$34+$C$37*SIN(RADIANS((ROW()-3)*360/$C$11)),NA()) -> 530
A6: Bemessungswert der Normalkraft (Druck positiv) | B6: N_Ed | C6: 1000 | D6: kN | E6: 6.1 | F6: Bemessungskombination GZT (EN 1990) | Q6: =(ROW()-3)*10 -> 30 | R6: =$C$34+$C$34*COS(RADIANS(Q6)) -> 559.80762 | S6: =$C$34+$C$34*SIN(RADIANS(Q6)) -> 450 | T6: =$C$34+($C$34-$C$10)*COS(RADIANS(Q6)) -> 516.50635 | U6: =$C$34+($C$34-$C$10)*SIN(RADIANS(Q6)) -> 425 | V6: =IF(ROW()-2<=$C$11,$C$34+$C$37*COS(RADIANS((ROW()-3)*360/$C$11)),NA()) -> 137.36544 | W6: =IF(ROW()-2<=$C$11,$C$34+$C$37*SIN(RADIANS((ROW()-3)*360/$C$11)),NA()) -> 462.63456
A7: Bemessungswert der Querkraft | B7: V_Ed | C7: 300 | D7: kN | E7: 6.2.1 | Q7: =(ROW()-3)*10 -> 40 | R7: =$C$34+$C$34*COS(RADIANS(Q7)) -> 529.81333 | S7: =$C$34+$C$34*SIN(RADIANS(Q7)) -> 492.83628 | T7: =$C$34+($C$34-$C$10)*COS(RADIANS(Q7)) -> 491.51111 | U7: =$C$34+($C$34-$C$10)*SIN(RADIANS(Q7)) -> 460.6969 | V7: =IF(ROW()-2<=$C$11,$C$34+$C$37*COS(RADIANS((ROW()-3)*360/$C$11)),NA()) -> 70 | W7: =IF(ROW()-2<=$C$11,$C$34+$C$37*SIN(RADIANS((ROW()-3)*360/$C$11)),NA()) -> 300
A8: Bemessungswert des Moments im Schnitt (1. Ordnung) | B8: M_Ed | C8: 300 | D8: kNm | E8: 6.1 | Q8: =(ROW()-3)*10 -> 50 | R8: =$C$34+$C$34*COS(RADIANS(Q8)) -> 492.83628 | S8: =$C$34+$C$34*SIN(RADIANS(Q8)) -> 529.81333 | T8: =$C$34+($C$34-$C$10)*COS(RADIANS(Q8)) -> 460.6969 | U8: =$C$34+($C$34-$C$10)*SIN(RADIANS(Q8)) -> 491.51111 | V8: =IF(ROW()-2<=$C$11,$C$34+$C$37*COS(RADIANS((ROW()-3)*360/$C$11)),NA()) -> 137.36544 | W8: =IF(ROW()-2<=$C$11,$C$34+$C$37*SIN(RADIANS((ROW()-3)*360/$C$11)),NA()) -> 137.36544
A9: Pfahldurchmesser | B9: D = h | C9: 600 | D9: mm | E9: DIN EN 1536, 7.5 | Q9: =(ROW()-3)*10 -> 60 | R9: =$C$34+$C$34*COS(RADIANS(Q9)) -> 450 | S9: =$C$34+$C$34*SIN(RADIANS(Q9)) -> 559.80762 | T9: =$C$34+($C$34-$C$10)*COS(RADIANS(Q9)) -> 425 | U9: =$C$34+($C$34-$C$10)*SIN(RADIANS(Q9)) -> 516.50635 | V9: =IF(ROW()-2<=$C$11,$C$34+$C$37*COS(RADIANS((ROW()-3)*360/$C$11)),NA()) -> 300 | W9: =IF(ROW()-2<=$C$11,$C$34+$C$37*SIN(RADIANS((ROW()-3)*360/$C$11)),NA()) -> 70
A10: Nennmaß der Betondeckung | B10: c_nom | C10: 50 | D10: mm | E10: 4.4.1.1 / NA Tab. 4.4DE | Q10: =(ROW()-3)*10 -> 70 | R10: =$C$34+$C$34*COS(RADIANS(Q10)) -> 402.60604 | S10: =$C$34+$C$34*SIN(RADIANS(Q10)) -> 581.90779 | T10: =$C$34+($C$34-$C$10)*COS(RADIANS(Q10)) -> 385.50504 | U10: =$C$34+($C$34-$C$10)*SIN(RADIANS(Q10)) -> 534.92316 | V10: =IF(ROW()-2<=$C$11,$C$34+$C$37*COS(RADIANS((ROW()-3)*360/$C$11)),NA()) -> 462.63456 | W10: =IF(ROW()-2<=$C$11,$C$34+$C$37*SIN(RADIANS((ROW()-3)*360/$C$11)),NA()) -> 137.36544
A11: Anzahl der Längsbewehrungsstäbe | B11: n_l | C11: 8 | D11: - | E11: 9.8.5(3) | F11: ≥ 6 Stäbe | Q11: =(ROW()-3)*10 -> 80 | R11: =$C$34+$C$34*COS(RADIANS(Q11)) -> 352.09445 | S11: =$C$34+$C$34*SIN(RADIANS(Q11)) -> 595.44233 | T11: =$C$34+($C$34-$C$10)*COS(RADIANS(Q11)) -> 343.41204 | U11: =$C$34+($C$34-$C$10)*SIN(RADIANS(Q11)) -> 546.20194 | V11: =IF(ROW()-2<=$C$11,$C$34+$C$37*COS(RADIANS((ROW()-3)*360/$C$11)),NA()) -> #N/A | W11: =IF(ROW()-2<=$C$11,$C$34+$C$37*SIN(RADIANS((ROW()-3)*360/$C$11)),NA()) -> #N/A
A12: Durchmesser Längsstab | B12: Ø_l | C12: 20 | D12: mm | E12: 9.8.5(3) | F12: ≥ 16 mm | Q12: =(ROW()-3)*10 -> 90 | R12: =$C$34+$C$34*COS(RADIANS(Q12)) -> 300 | S12: =$C$34+$C$34*SIN(RADIANS(Q12)) -> 600 | T12: =$C$34+($C$34-$C$10)*COS(RADIANS(Q12)) -> 300 | U12: =$C$34+($C$34-$C$10)*SIN(RADIANS(Q12)) -> 550 | V12: =IF(ROW()-2<=$C$11,$C$34+$C$37*COS(RADIANS((ROW()-3)*360/$C$11)),NA()) -> #N/A | W12: =IF(ROW()-2<=$C$11,$C$34+$C$37*SIN(RADIANS((ROW()-3)*360/$C$11)),NA()) -> #N/A
A13: Durchmesser Wendel/Bügel | B13: Ø_w | C13: 10 | D13: mm | E13: DIN EN 1536, 7.5.2 | F13: ≥ 6 mm | Q13: =(ROW()-3)*10 -> 100 | R13: =$C$34+$C$34*COS(RADIANS(Q13)) -> 247.90555 | S13: =$C$34+$C$34*SIN(RADIANS(Q13)) -> 595.44233 | T13: =$C$34+($C$34-$C$10)*COS(RADIANS(Q13)) -> 256.58796 | U13: =$C$34+($C$34-$C$10)*SIN(RADIANS(Q13)) -> 546.20194 | V13: =IF(ROW()-2<=$C$11,$C$34+$C$37*COS(RADIANS((ROW()-3)*360/$C$11)),NA()) -> #N/A | W13: =IF(ROW()-2<=$C$11,$C$34+$C$37*SIN(RADIANS((ROW()-3)*360/$C$11)),NA()) -> #N/A
A14: Gewählte Ganghöhe der Wendel | B14: s_w | C14: 150 | D14: mm | E14: 9.2.2(6) / NA | Q14: =(ROW()-3)*10 -> 110 | R14: =$C$34+$C$34*COS(RADIANS(Q14)) -> 197.39396 | S14: =$C$34+$C$34*SIN(RADIANS(Q14)) -> 581.90779 | T14: =$C$34+($C$34-$C$10)*COS(RADIANS(Q14)) -> 214.49496 | U14: =$C$34+($C$34-$C$10)*SIN(RADIANS(Q14)) -> 534.92316 | V14: =IF(ROW()-2<=$C$11,$C$34+$C$37*COS(RADIANS((ROW()-3)*360/$C$11)),NA()) -> #N/A | W14: =IF(ROW()-2<=$C$11,$C$34+$C$37*SIN(RADIANS((ROW()-3)*360/$C$11)),NA()) -> #N/A
A15: Charakteristische Betondruckfestigkeit | B15: f_ck | C15: =_xlfn.XLOOKUP(F15,Aceros_DIN!$A$35:$A$43,Aceros_DIN!$B$35:$B$43) -> 25 | D15: N/mm² | E15: Tab. 3.1 | F15: C25/30 | Q15: =(ROW()-3)*10 -> 120 | R15: =$C$34+$C$34*COS(RADIANS(Q15)) -> 150 | S15: =$C$34+$C$34*SIN(RADIANS(Q15)) -> 559.80762 | T15: =$C$34+($C$34-$C$10)*COS(RADIANS(Q15)) -> 175 | U15: =$C$34+($C$34-$C$10)*SIN(RADIANS(Q15)) -> 516.50635 | V15: =IF(ROW()-2<=$C$11,$C$34+$C$37*COS(RADIANS((ROW()-3)*360/$C$11)),NA()) -> #N/A | W15: =IF(ROW()-2<=$C$11,$C$34+$C$37*SIN(RADIANS((ROW()-3)*360/$C$11)),NA()) -> #N/A
A16: Streckgrenze des Betonstahls | B16: f_yk | C16: =_xlfn.XLOOKUP(F16,Aceros_DIN!$A$47:$A$49,Aceros_DIN!$B$47:$B$49) -> 500 | D16: N/mm² | E16: 3.2.2 (B500) | F16: B500B | Q16: =(ROW()-3)*10 -> 130 | R16: =$C$34+$C$34*COS(RADIANS(Q16)) -> 107.16372 | S16: =$C$34+$C$34*SIN(RADIANS(Q16)) -> 529.81333 | T16: =$C$34+($C$34-$C$10)*COS(RADIANS(Q16)) -> 139.3031 | U16: =$C$34+($C$34-$C$10)*SIN(RADIANS(Q16)) -> 491.51111 | V16: =IF(ROW()-2<=$C$11,$C$34+$C$37*COS(RADIANS((ROW()-3)*360/$C$11)),NA()) -> #N/A | W16: =IF(ROW()-2<=$C$11,$C$34+$C$37*SIN(RADIANS((ROW()-3)*360/$C$11)),NA()) -> #N/A
A17: Teilsicherheitsbeiwert Beton | B17: γ_c | C17: 1.5 | D17: - | E17: Tab. 2.1DE (NA) | Q17: =(ROW()-3)*10 -> 140 | R17: =$C$34+$C$34*COS(RADIANS(Q17)) -> 70.186667 | S17: =$C$34+$C$34*SIN(RADIANS(Q17)) -> 492.83628 | T17: =$C$34+($C$34-$C$10)*COS(RADIANS(Q17)) -> 108.48889 | U17: =$C$34+($C$34-$C$10)*SIN(RADIANS(Q17)) -> 460.6969 | V17: =IF(ROW()-2<=$C$11,$C$34+$C$37*COS(RADIANS((ROW()-3)*360/$C$11)),NA()) -> #N/A | W17: =IF(ROW()-2<=$C$11,$C$34+$C$37*SIN(RADIANS((ROW()-3)*360/$C$11)),NA()) -> #N/A
A18: Teilsicherheitsbeiwert Betonstahl | B18: γ_s | C18: 1.15 | D18: - | E18: Tab. 2.1DE (NA) | Q18: =(ROW()-3)*10 -> 150 | R18: =$C$34+$C$34*COS(RADIANS(Q18)) -> 40.192379 | S18: =$C$34+$C$34*SIN(RADIANS(Q18)) -> 450 | T18: =$C$34+($C$34-$C$10)*COS(RADIANS(Q18)) -> 83.493649 | U18: =$C$34+($C$34-$C$10)*SIN(RADIANS(Q18)) -> 425 | V18: =IF(ROW()-2<=$C$11,$C$34+$C$37*COS(RADIANS((ROW()-3)*360/$C$11)),NA()) -> #N/A | W18: =IF(ROW()-2<=$C$11,$C$34+$C$37*SIN(RADIANS((ROW()-3)*360/$C$11)),NA()) -> #N/A
A19: Beiwert Belastungsdauer k_tc | B19: k_tc | C19: 1 | D19: - | E19: §5.1.6(1) | F19: k_tc = 1,0 (Last ≥ 3 Monate nach Betonage) oder 0,85 | Q19: =(ROW()-3)*10 -> 160 | R19: =$C$34+$C$34*COS(RADIANS(Q19)) -> 18.092214 | S19: =$C$34+$C$34*SIN(RADIANS(Q19)) -> 402.60604 | T19: =$C$34+($C$34-$C$10)*COS(RADIANS(Q19)) -> 65.076845 | U19: =$C$34+($C$34-$C$10)*SIN(RADIANS(Q19)) -> 385.50504 | V19: =IF(ROW()-2<=$C$11,$C$34+$C$37*COS(RADIANS((ROW()-3)*360/$C$11)),NA()) -> #N/A | W19: =IF(ROW()-2<=$C$11,$C$34+$C$37*SIN(RADIANS((ROW()-3)*360/$C$11)),NA()) -> #N/A
A20: Knicklänge (0 = Theorie II. Ordnung nicht ansetzen) | B20: l_0 | C20: 3000 | D20: mm | E20: 5.8.3.2 | Q20: =(ROW()-3)*10 -> 170 | R20: =$C$34+$C$34*COS(RADIANS(Q20)) -> 4.5576741 | S20: =$C$34+$C$34*SIN(RADIANS(Q20)) -> 352.09445 | T20: =$C$34+($C$34-$C$10)*COS(RADIANS(Q20)) -> 53.798062 | U20: =$C$34+($C$34-$C$10)*SIN(RADIANS(Q20)) -> 343.41204 | V20: =IF(ROW()-2<=$C$11,$C$34+$C$37*COS(RADIANS((ROW()-3)*360/$C$11)),NA()) -> #N/A | W20: =IF(ROW()-2<=$C$11,$C$34+$C$37*SIN(RADIANS((ROW()-3)*360/$C$11)),NA()) -> #N/A
A21: cot θ gewählt (0 = automatisch nach NA) | B21: cot θ | C21: 0 | D21: - | E21: NA 6.2.3(2), ec. (6.7aDE) | Q21: =(ROW()-3)*10 -> 180 | R21: =$C$34+$C$34*COS(RADIANS(Q21)) -> 0 | S21: =$C$34+$C$34*SIN(RADIANS(Q21)) -> 300 | T21: =$C$34+($C$34-$C$10)*COS(RADIANS(Q21)) -> 50 | U21: =$C$34+($C$34-$C$10)*SIN(RADIANS(Q21)) -> 300 | V21: =IF(ROW()-2<=$C$11,$C$34+$C$37*COS(RADIANS((ROW()-3)*360/$C$11)),NA()) -> #N/A | W21: =IF(ROW()-2<=$C$11,$C$34+$C$37*SIN(RADIANS((ROW()-3)*360/$C$11)),NA()) -> #N/A
Q22: =(ROW()-3)*10 -> 190 | R22: =$C$34+$C$34*COS(RADIANS(Q22)) -> 4.5576741 | S22: =$C$34+$C$34*SIN(RADIANS(Q22)) -> 247.90555 | T22: =$C$34+($C$34-$C$10)*COS(RADIANS(Q22)) -> 53.798062 | U22: =$C$34+($C$34-$C$10)*SIN(RADIANS(Q22)) -> 256.58796 | V22: =IF(ROW()-2<=$C$11,$C$34+$C$37*COS(RADIANS((ROW()-3)*360/$C$11)),NA()) -> #N/A | W22: =IF(ROW()-2<=$C$11,$C$34+$C$37*SIN(RADIANS((ROW()-3)*360/$C$11)),NA()) -> #N/A
A23: 2. BAUSTOFFE | Q23: =(ROW()-3)*10 -> 200 | R23: =$C$34+$C$34*COS(RADIANS(Q23)) -> 18.092214 | S23: =$C$34+$C$34*SIN(RADIANS(Q23)) -> 197.39396 | T23: =$C$34+($C$34-$C$10)*COS(RADIANS(Q23)) -> 65.076845 | U23: =$C$34+($C$34-$C$10)*SIN(RADIANS(Q23)) -> 214.49496 | V23: =IF(ROW()-2<=$C$11,$C$34+$C$37*COS(RADIANS((ROW()-3)*360/$C$11)),NA()) -> #N/A | W23: =IF(ROW()-2<=$C$11,$C$34+$C$37*SIN(RADIANS((ROW()-3)*360/$C$11)),NA()) -> #N/A
A24: Bemessungswert der Betondruckfestigkeit | B24: f_cd | C24: =MIN((40/C15)^(1/3),1)*C19*C15/C17 -> 16.666667 | D24: N/mm² | E24: §5.1.6(1), Gl. (5.3)/(5.4) | F24: f_cd = η_cc·k_tc·f_ck/γ_C ; η_cc=(40/f_ck)^⅓≤1,0 (f_ck,ref=40 MPa) | Q24: =(ROW()-3)*10 -> 210 | R24: =$C$34+$C$34*COS(RADIANS(Q24)) -> 40.192379 | S24: =$C$34+$C$34*SIN(RADIANS(Q24)) -> 150 | T24: =$C$34+($C$34-$C$10)*COS(RADIANS(Q24)) -> 83.493649 | U24: =$C$34+($C$34-$C$10)*SIN(RADIANS(Q24)) -> 175 | V24: =IF(ROW()-2<=$C$11,$C$34+$C$37*COS(RADIANS((ROW()-3)*360/$C$11)),NA()) -> #N/A | W24: =IF(ROW()-2<=$C$11,$C$34+$C$37*SIN(RADIANS((ROW()-3)*360/$C$11)),NA()) -> #N/A
A25: Mittlere Betonzugfestigkeit | B25: f_ctm | C25: =IF(C15<=50,0.3*C15^(2/3),2.12*LN(1+(C15+8)/10)) -> 2.5649639 | D25: N/mm² | E25: Tab. 5.1 | Q25: =(ROW()-3)*10 -> 220 | R25: =$C$34+$C$34*COS(RADIANS(Q25)) -> 70.186667 | S25: =$C$34+$C$34*SIN(RADIANS(Q25)) -> 107.16372 | T25: =$C$34+($C$34-$C$10)*COS(RADIANS(Q25)) -> 108.48889 | U25: =$C$34+($C$34-$C$10)*SIN(RADIANS(Q25)) -> 139.3031 | V25: =IF(ROW()-2<=$C$11,$C$34+$C$37*COS(RADIANS((ROW()-3)*360/$C$11)),NA()) -> #N/A | W25: =IF(ROW()-2<=$C$11,$C$34+$C$37*SIN(RADIANS((ROW()-3)*360/$C$11)),NA()) -> #N/A
A26: Bemessungswert der Stahlstreckgrenze | B26: f_yd | C26: =C16/C18 -> 434.78261 | D26: N/mm² | E26: §5.2.4, Bild 5.4 | Q26: =(ROW()-3)*10 -> 230 | R26: =$C$34+$C$34*COS(RADIANS(Q26)) -> 107.16372 | S26: =$C$34+$C$34*SIN(RADIANS(Q26)) -> 70.186667 | T26: =$C$34+($C$34-$C$10)*COS(RADIANS(Q26)) -> 139.3031 | U26: =$C$34+($C$34-$C$10)*SIN(RADIANS(Q26)) -> 108.48889 | V26: =IF(ROW()-2<=$C$11,$C$34+$C$37*COS(RADIANS((ROW()-3)*360/$C$11)),NA()) -> #N/A | W26: =IF(ROW()-2<=$C$11,$C$34+$C$37*SIN(RADIANS((ROW()-3)*360/$C$11)),NA()) -> #N/A
A27: Elastizitätsmodul Betonstahl | B27: E_s | C27: 200000 | D27: N/mm² | E27: §5.2.4 | Q27: =(ROW()-3)*10 -> 240 | R27: =$C$34+$C$34*COS(RADIANS(Q27)) -> 150 | S27: =$C$34+$C$34*SIN(RADIANS(Q27)) -> 40.192379 | T27: =$C$34+($C$34-$C$10)*COS(RADIANS(Q27)) -> 175 | U27: =$C$34+($C$34-$C$10)*SIN(RADIANS(Q27)) -> 83.493649
A28: Bemessungswert der Fließdehnung | B28: ε_yd | C28: =C26/C27 -> 0.002173913 | D28: - | E28: §5.2.4 | Q28: =(ROW()-3)*10 -> 250 | R28: =$C$34+$C$34*COS(RADIANS(Q28)) -> 197.39396 | S28: =$C$34+$C$34*SIN(RADIANS(Q28)) -> 18.092214 | T28: =$C$34+($C$34-$C$10)*COS(RADIANS(Q28)) -> 214.49496 | U28: =$C$34+($C$34-$C$10)*SIN(RADIANS(Q28)) -> 65.076845
A29: Grenzdehnung des Betons (Biegung) | B29: ε_cu2 | C29: 3.5 | D29: ‰ | E29: Tab. 5.1 / §8.1.2 | Q29: =(ROW()-3)*10 -> 260 | R29: =$C$34+$C$34*COS(RADIANS(Q29)) -> 247.90555 | S29: =$C$34+$C$34*SIN(RADIANS(Q29)) -> 4.5576741 | T29: =$C$34+($C$34-$C$10)*COS(RADIANS(Q29)) -> 256.58796 | U29: =$C$34+($C$34-$C$10)*SIN(RADIANS(Q29)) -> 53.798062
A30: Stauchung bei zentrischem Druck | B30: ε_c2 | C30: 2 | D30: ‰ | E30: Tab. 5.1 (Punkt C, §8.1.2) | Q30: =(ROW()-3)*10 -> 270 | R30: =$C$34+$C$34*COS(RADIANS(Q30)) -> 300 | S30: =$C$34+$C$34*SIN(RADIANS(Q30)) -> 0 | T30: =$C$34+($C$34-$C$10)*COS(RADIANS(Q30)) -> 300 | U30: =$C$34+($C$34-$C$10)*SIN(RADIANS(Q30)) -> 50
A31: Grenzdehnung des Betonstahls | B31: ε_ud | C31: 25 | D31: ‰ | E31: §5.2.4 (ε_ud = 25‰) | Q31: =(ROW()-3)*10 -> 280 | R31: =$C$34+$C$34*COS(RADIANS(Q31)) -> 352.09445 | S31: =$C$34+$C$34*SIN(RADIANS(Q31)) -> 4.5576741 | T31: =$C$34+($C$34-$C$10)*COS(RADIANS(Q31)) -> 343.41204 | U31: =$C$34+($C$34-$C$10)*SIN(RADIANS(Q31)) -> 53.798062
Q32: =(ROW()-3)*10 -> 290 | R32: =$C$34+$C$34*COS(RADIANS(Q32)) -> 402.60604 | S32: =$C$34+$C$34*SIN(RADIANS(Q32)) -> 18.092214 | T32: =$C$34+($C$34-$C$10)*COS(RADIANS(Q32)) -> 385.50504 | U32: =$C$34+($C$34-$C$10)*SIN(RADIANS(Q32)) -> 65.076845
A33: 3. QUERSCHNITTSGEOMETRIE | Q33: =(ROW()-3)*10 -> 300 | R33: =$C$34+$C$34*COS(RADIANS(Q33)) -> 450 | S33: =$C$34+$C$34*SIN(RADIANS(Q33)) -> 40.192379 | T33: =$C$34+($C$34-$C$10)*COS(RADIANS(Q33)) -> 425 | U33: =$C$34+($C$34-$C$10)*SIN(RADIANS(Q33)) -> 83.493649
A34: Außenradius | B34: r | C34: =C9/2 -> 300 | D34: mm | Q34: =(ROW()-3)*10 -> 310 | R34: =$C$34+$C$34*COS(RADIANS(Q34)) -> 492.83628 | S34: =$C$34+$C$34*SIN(RADIANS(Q34)) -> 70.186667 | T34: =$C$34+($C$34-$C$10)*COS(RADIANS(Q34)) -> 460.6969 | U34: =$C$34+($C$34-$C$10)*SIN(RADIANS(Q34)) -> 108.48889
A35: Betonquerschnittsfläche | B35: A_c | C35: =PI()*C9^2/4 -> 282743.34 | D35: mm² | Q35: =(ROW()-3)*10 -> 320 | R35: =$C$34+$C$34*COS(RADIANS(Q35)) -> 529.81333 | S35: =$C$34+$C$34*SIN(RADIANS(Q35)) -> 107.16372 | T35: =$C$34+($C$34-$C$10)*COS(RADIANS(Q35)) -> 491.51111 | U35: =$C$34+($C$34-$C$10)*SIN(RADIANS(Q35)) -> 139.3031
A36: Achsabstand Bewehrung vom Rand | B36: d_1 | C36: =C10+C13+C12/2 -> 70 | D36: mm | E36: 4.4.1 | Q36: =(ROW()-3)*10 -> 330 | R36: =$C$34+$C$34*COS(RADIANS(Q36)) -> 559.80762 | S36: =$C$34+$C$34*SIN(RADIANS(Q36)) -> 150 | T36: =$C$34+($C$34-$C$10)*COS(RADIANS(Q36)) -> 516.50635 | U36: =$C$34+($C$34-$C$10)*SIN(RADIANS(Q36)) -> 175
A37: Radius des Bewehrungskreises | B37: r_s | C37: =C34-C36 -> 230 | D37: mm | Q37: =(ROW()-3)*10 -> 340 | R37: =$C$34+$C$34*COS(RADIANS(Q37)) -> 581.90779 | S37: =$C$34+$C$34*SIN(RADIANS(Q37)) -> 197.39396 | T37: =$C$34+($C$34-$C$10)*COS(RADIANS(Q37)) -> 534.92316 | U37: =$C$34+($C$34-$C$10)*SIN(RADIANS(Q37)) -> 214.49496
A38: Rechnerische Nutzhöhe für Querkraft | B38: d | C38: =C34+2*C37/PI() -> 446.42255 | D38: mm | E38: 6.2.1 / DAfStb-Heft 600 | Q38: =(ROW()-3)*10 -> 350 | R38: =$C$34+$C$34*COS(RADIANS(Q38)) -> 595.44233 | S38: =$C$34+$C$34*SIN(RADIANS(Q38)) -> 247.90555 | T38: =$C$34+($C$34-$C$10)*COS(RADIANS(Q38)) -> 546.20194 | U38: =$C$34+($C$34-$C$10)*SIN(RADIANS(Q38)) -> 256.58796
A39: Innerer Hebelarm für Querkraft | B39: z | C39: =0.9*C38 -> 401.78029 | D39: mm | E39: 6.2.3(1) | Q39: =(ROW()-3)*10 -> 360 | R39: =$C$34+$C$34*COS(RADIANS(Q39)) -> 600 | S39: =$C$34+$C$34*SIN(RADIANS(Q39)) -> 300 | T39: =$C$34+($C$34-$C$10)*COS(RADIANS(Q39)) -> 550 | U39: =$C$34+($C$34-$C$10)*SIN(RADIANS(Q39)) -> 300
A40: Vorhandene Längsbewehrungsfläche | B40: A_s,prov | C40: =C11*PI()*C12^2/4 -> 2513.2741 | D40: mm²
A41: Lichter Abstand der Längsstäbe | B41: s_l | C41: =PI()*2*C37/C11-C12 -> 160.64158 | D41: mm | E41: 8.2 / DIN EN 1536, 7.5.2 | F41: ≥ 100 mm empfohlen bei Betonage mit Kontraktorrohr (Tremie)
A43: 4. SCHLANKHEIT, IMPERFEKTIONEN UND THEORIE II. ORDNUNG
A44: Trägheitsradius des Kreisquerschnitts | B44: i | C44: =C9/4 -> 150 | D44: mm | E44: §7.4.2 | F44: i = D/4 bei Kreisquerschnitt
A45: Mechanische Schlankheit | B45: λ | C45: =IF(C20>0,C20/C44,0) -> 20 | D45: - | E45: §7.4.2 (λ)
A46: Bezogene Normalkraft | B46: n | C46: =C6*1000/(C35*C24) -> 0.21220659 | D46: - | E46: §7.4.2 (n)
A47: Grenzschlankheit | B47: λ_lim | C47: =IF(ABS(C46)<=0.41,25,16/SQRT(ABS(C46))) -> 25 | D47: - | E47: §7.4.2 (λ_lim) | F47: λ_lim = 25 wenn |n| ≤ 0,41 ; sonst 16/√|n|
A48: Sind Effekte nach Theorie II. Ordnung zu berücksichtigen? | B48: - | C48: =IF(C45>C47,"JA (λ > λ_lim)","NEIN (λ ≤ λ_lim)") -> NEIN (λ ≤ λ_lim) | E48: §7.4.2
A49: Ausmitte infolge geometrischer Imperfektion | B49: e_i | C49: =C20/400 -> 7.5 | D49: mm | E49: §7.2 (Imperfektionen, θ_i=1/400)
A50: Beiwert für Achslastverhältnis (konservativ = 1,0) | B50: K_r | C50: 1 | D50: - | E50: §7.4.3 | F50: K_r = (n_u − n)/(n_u − n_bal) ≤ 1; auf der sicheren Seite mit 1,0 angesetzt
A51: Kriechbeiwert (φ_ef) | B51: K_φ | C51: 1 | D51: - | E51: §7.4.3 | F51: K_φ = 1 + β·φ_ef ≥ 1; bei Kriechnachweis anpassen
A52: Nutzhöhe für Krümmung (h/2 + i_s) | B52: d_χ | C52: =C34+C37 -> 530 | D52: mm | E52: §7.4.3
A53: Bemessungskrümmung | B53: 1/r | C53: =C50*C51*C28/(0.45*C52) -> 9.1149394e-06 | D53: 1/mm | E53: §7.4.3 (1/r)
A54: Ausmitte nach Theorie II. Ordnung | B54: e_2 | C54: =IF(C45>C47,C53*C20^2/10,0) -> 0 | D54: mm | E54: §7.4.3 (e_2)
A55: Mindestausmitte | B55: e_0,min | C55: =MAX(C9/30,20) -> 20 | D55: mm | E55: §8.1 (e_0,min)
A56: Bemessungsmoment gesamt (für die Bewehrung) | B56: M_Ed,tot | C56: =MAX(C8+C6*(C49+C54)/1000,C6*C55/1000) -> 307.5 | D56: kNm | E56: §7.4.3 + §8.1 | F56: M_Ed,tot = M_Ed + N_Ed·(e_i + e_2) ≥ N_Ed·e_0,min
A58: 5. BIEGUNG MIT LÄNGSKRAFT — LÄNGSBEWEHRUNG (» dimensionsloses μ–ν–ω-Diagramm)
A59: Bezogene Normalkraft | B59: ν_Ed | C59: =C6*1000/(C35*C24) -> 0.21220659 | D59: - | E59: §8.1 / DAfStb-Heft 600 | F59: ν_Ed = N_Ed / (A_c·f_cd)
A60: Bezogenes Moment | B60: μ_Ed | C60: =C56*1000000/(C35*C9*C24) -> 0.10875588 | D60: - | E60: §8.1.2 (Spannungsblock) | F60: μ_Ed = M_Ed,tot / (A_c·h·f_cd)
A61: Erforderlicher mechanischer Bewehrungsgrad (Blatt Nomogramm) | B61: ω | C61: =Nomogramm_2025!C28 -> 0.13580028 | D61: - | E61: Gleichgewicht §8.1 + §8.1.2 | F61: ω = A_s·f_yd/(A_c·f_cd), ringförmig verteilte Bewehrung
A62: Bezogene Druckzonenhöhe | B62: ξ = x/h | C62: =Nomogramm_2025!C22 -> 0.37 | D62: - | E62: Bild 8.2 (Dehnungsbereiche)
A63: Druckzonenhöhe | B63: x | C63: =Nomogramm_2025!C23 -> 222 | D63: mm
A64: Status der Lösung | C64: =Nomogramm_2025!C27 -> OK — Lösung durch Interpolation ermittelt
A65: Erforderliche Längsbewehrungsfläche | B65: A_s,erf | C65: =IFERROR(C61*C35*C24/C26,NA()) -> 1471.8706 | D65: mm² | E65: §8.1 | F65: A_s = ω·A_c·f_cd/f_yd
A67: 6. GRENZWERTE UND KONSTRUKTIVE DURCHBILDUNG DER LÄNGSBEWEHRUNG
A68: Mindestbewehrung für Bohrpfähle | B68: A_s,min,Pfahl | C68: =IF(C35<=500000,0.005*C35,IF(C35<=1000000,2500,0.0025*C35)) -> 1413.7167 | D68: mm² | E68: EN 1536 §7.5.2.2, Tab. 3 | F68: A_c ≤ 0,5 m²: 0,5%·A_c ; 0,5–1,0 m²: 25 cm² ; > 1,0 m²: 0,25%·A_c
A69: Mindestbewehrung für Druckglieder | B69: A_s,min,Stütze | C69: =MAX(0.1*ABS(C6)*1000/C26,0.002*C35) -> 565.48668 | D69: mm² | E69: §12.6 Tab. 12.3(1) | F69: A_s,min = max(0,10·|N_Ed|/f_yd ; 0,002·A_c)
A70: Maßgebende Mindestbewehrung | B70: A_s,min | C70: =MAX(C68,C69) -> 1413.7167 | D70: mm² | E70: §12.6 / EN 1536
A71: Höchstbewehrung | B71: A_s,max | C71: =0.09*C35 -> 25446.9 | D71: mm² | E71: §12.6 + NA1 | F71: A_s,max = 0,09·A_c (auch in Übergreifungsbereichen)
A72: ERFORDERLICHE LÄNGSBEWEHRUNG (maßgebend) | B72: A_s,erf | C72: =MAX(IFERROR(C65,0),C70) -> 1471.8706 | D72: mm²
A73: Vorhandene Bewehrung (n_l Ø_l) | B73: A_s,prov | C73: =C40 -> 2513.2741 | D73: mm² | F73: =C11&" Ø"&C12&" mm" -> 8 Ø20 mm
A74: Nachweis A_s,vorh ≥ A_s,erf | C74: =IF(C73>=C72,"OK","NICHT ERFÜLLT – Stabzahl oder -durchmesser erhöhen") -> OK | E74: §8.1
A75: Nachweis A_s,vorh ≤ A_s,max | C75: =IF(C73<=C71,"OK","NICHT ERFÜLLT – überschreitet 0,09·A_c") -> OK | E75: §12.6 + NA1
A76: Nachweis n_l ≥ 6 und Ø_l ≥ 12 mm (Kreisquerschnitt) | C76: =IF(AND(C11>=6,C12>=12),"OK","NICHT ERFÜLLT") -> OK | E76: §12.6 / EN 1536 | F76: §12.6 Tab. 12.3(2): Kreis 6 Stäbe ≤400 mm, Ø≥12. EN 1536 §7.5.2.3 erlaubt 4Ø12 bei Bohrpfählen
A77: Nachweis lichter Abstand s_l ≥ 100 mm | C77: =IF(C41>=100,"OK","PRÜFEN – Betonage mit Kontraktorrohr") -> OK | E77: EN 1536 §7.5.2 / §7.7
A79: 7. QUERKRAFTNACHWEIS (EN 1992-1-1:2025 §8.2 — Kreisquerschnitt)
A80: Rechnerische Stegbreite | B80: b_w | C80: =C9 -> 600 | D80: mm | E80: §8.2.3(9) | F80: Kreis: b_w = D (konservativ; d nach Zeile 38, DAfStb-Heft 600)
A81: Größenparameter der Gesteinskörnung | B81: d_dg | C81: 32 | D81: N/mm² | E81: §8.2.1(4) | F81: d_dg = 16 + D_low ≤ 40 mm (hier 16 mm)
A82: Längsbewehrungsgrad (halber Ring) | B82: ρ_l | C82: =MIN(C73/2/(C80*C38),0.02) -> 0.0046915083 | D82: - | E82: §8.2.2, Gl. (8.28) | F82: ρ_l = A_sl/(b_w·d); gezogener Halbring
A83: Teilsicherheitsbeiwert Querkraft | B83: γ_V | C83: 1.4 | D83: - | E83: NA1 Tab. NA.3 (NDP) | F83: γ_V = 1,4
A84: Bemessungswert der Schubspannung | B84: τ_Ed | C84: =C7*1000/(C80*C39) -> 1.2444612 | D84: - | E84: §8.2.1(3), Gl. (8.18) | F84: τ_Ed = V_Ed/(b_w·z) ; z = 0,9d
A85: Mindestschubspannungswiderstand | B85: τ_Rdc,min | C85: =(11/C83)*SQRT(C15/C26*C81/C38) -> 0.50442953 | D85: - | E85: §8.2.1(4), Gl. (8.20) | F85: τ_Rdc,min = (11/γ_V)·√(f_ck/f_yd·d_dg/d)
A86: Schubspannungswiderstand ohne Bewehrung | B86: τ_Rd,c | C86: =MAX((0.66/C83)*(100*C82*C15*C81/C38)^(1/3),C85) -> 0.50442953 | D86: - | E86: §8.2.2(2), Gl. (8.27) | F86: τ_Rd,c = (0,66/γ_V)(100ρ_l·f_ck·d_dg/d)^⅓ ≥ τ_Rdc,min
A87: Mittlere Normalspannung (informativ) | B87: σ_cd | C87: =-C6*1000/C35 -> -3.5367765 | D87: N/mm² | E87: §8.2 (Info) | F87: Druck; 2025 günstig über d-Verschiebung — hier vernachlässigt (konservativ)
A88: Querkraftwiderstand ohne Bewehrung | B88: V_Rd,c | C88: =C86*C80*C38/1000 -> 135.11323 | D88: kN | E88: §8.2.2 | F88: V_Rd,c = τ_Rd,c·b_w·d
A89: Ist Querkraftbewehrung erforderlich? | C89: =IF(C7>C88,"JA (V_Ed > V_Rd,c)","NEIN (V_Ed ≤ V_Rd,c) – Mindestbewehrung") -> JA (V_Ed > V_Rd,c) | E89: §8.2.1(1)
A90: Mindestneigung des Druckfelds | B90: cot θ_min | C90: 2.5 | D90: N/mm² | E90: §8.2.3(4) | F90: cot θ_min = 2,5 (ohne Normalkraft) ; 3,0 bei Druck ≥ 3 MPa und x < 0,25d
A91: — | B91: — | C91: — | D91: kN | E91: — | F91: In 2025 kein Term V_Rd,cc (Spannungsmodell)
A92: Rechnerische Druckfeldneigung | B92: cot θ_ber | C92: =C90 -> 2.5 | D92: - | E92: §8.2.3(4) | F92: 1 ≤ cot θ ≤ cot θ_min
A93: Gewählte Druckfeldneigung | B93: cot θ | C93: =IF(C21>0,MIN(C21,C90),C90) -> 2.5 | D93: - | E93: §8.2.3(4), Gl. (8.41) | F93: Es wird der Wert aus Zeile 21 verwendet, falls > 0; sonst der automatische Wert
A94: Abminderungsbeiwert Druckfeld | B94: ν | C94: 0.5 | D94: - | E94: §8.2.3(6) | F94: ν = 0,5
A95: Maximale Querkrafttragfähigkeit (Druckfeld) | B95: V_Rd,max | C95: =C80*C39*C94*C24/(C93+1/C93)/1000 -> 692.72464 | D95: kN | E95: §8.2.3(5), Gl. (8.44) | F95: V_Rd,max = ν·f_cd·b_w·z/(cotθ + tanθ)
A96: Nachweis V_Ed ≤ V_Rd,max | C96: =IF(C7<=C95,"OK","NICHT ERFÜLLT – D oder f_ck erhöhen") -> OK | E96: §8.2.3(5)
A97: Rechnerisch erforderliche Querkraftbewehrung | B97: (A_sw/s)_erf | C97: =C7*1000/(C39*C26*C93) -> 0.6869426 | D97: mm²/mm | E97: §8.2.3(5), Gl. (8.42) | F97: A_sw/s = V_Ed/(z·f_ywd·cotθ)
A98: Mindestquerkraftbewehrungsgrad | B98: ρ_w,min | C98: =0.08*SQRT(C15)/C16 -> 0.0008 | D98: - | E98: §12.2(4) + NA1 | F98: ρ_w,min = 0,08·√f_ck/f_yk (Gl. 12.4). NA1:2025: Duktilitätsklasse C nicht anwendbar; bei gegliederten Querschnitten +60% — hier (Kreisvollquerschnitt) nicht maßgebend.
A99: Mindestquerkraftbewehrung | B99: (A_sw/s)_min | C99: =C98*C80 -> 0.48 | D99: mm²/mm | E99: §12.3 | F99: ρ_w,min·b_w
A100: MASSGEBENDE QUERKRAFTBEWEHRUNG | B100: (A_sw/s)_erf | C100: =MAX(C97,C99) -> 0.6869426 | D100: mm²/mm
A101: Wendelfläche je Ganghöhe (2 Schenkel) | B101: A_sw | C101: =2*PI()*C13^2/4 -> 157.07963 | D101: mm² | E101: §8.2.3 | F101: Wendel: 2 Schenkel durchqueren den Schubriss
A102: Rechnerisch erforderliche Ganghöhe | B102: s_erf | C102: =C101/C100 -> 228.66486 | D102: mm
A103: Konstruktiv maximale Ganghöhe | B103: s_max | C103: =MIN(20*C12,C9,300) -> 300 | D103: mm | E103: §12.6 Tab. 12.3(3) | F103: s_max = min(20·Ø_l ; D ; 300 mm) — Zwischenbereich; 0,6·s_max an Enden und Stößen
A104: ERFORDERLICHE WENDELGANGHÖHE | B104: s_erf | C104: =MIN(C102,C103) -> 228.66486 | D104: mm | F104: ="Wendel Ø"&C13&" mm alle "&FLOOR(C104,10)&" mm anordnen" -> Wendel Ø10 mm alle 220 mm anordnen
...

Sheet Nomogramm
A1: DIMENSIONSLOSES μ–ν–ω-DIAGRAMM FÜR KREISQUERSCHNITTE MIT GLEICHMÄSSIG VERTEILTER BEWEHRUNG
A2: Querschnittsgleichgewicht nach DIN EN 1992-1-1, 6.1 und 3.1.7(3): rechteckiger Spannungsblock (λ = 0,8 ; η = 1,0 für f_ck ≤ 50 N/mm²); Dehnungsebene nach Bild 6.1 (Punkte B und C); bilineare Stahlkennlinie nach 3.2.7 Bild 3.8 mit horizontalem Ast (σ_s ≤ f_yd).
A4: Mit Blatt Pfahl_DIN verknüpfte Parameter | F4: Diskretisierung des Bewehrungsrings (24 Positionen gleicher Fläche)
A5: Durchmesser / Höhe | B5: h = D | C5: =Pfahl_DIN!C9 -> 600 | D5: mm | F5: i | G5: φ [°] | H5: d_i [mm] | I5: z_i [mm]
A6: Achsabstand der Bewehrung | B6: d_1 | C6: =Pfahl_DIN!C36 -> 70 | D6: mm | F6: 1 | G6: =(F6-1)*360/$C$17 -> 0 | H6: =$C$7-$C$8*COS(RADIANS(G6)) -> 70 | I6: =$C$7-H6 -> 230
A7: Außenradius | B7: r | C7: =C5/2 -> 300 | D7: mm | F7: =F6+1 -> 2 | G7: =(F7-1)*360/$C$17 -> 15 | H7: =$C$7-$C$8*COS(RADIANS(G7)) -> 77.83706 | I7: =$C$7-H7 -> 222.16294
A8: Radius des Bewehrungsrings | B8: r_s | C8: =C7-C6 -> 230 | D8: mm | F8: =F7+1 -> 3 | G8: =(F8-1)*360/$C$17 -> 30 | H8: =$C$7-$C$8*COS(RADIANS(G8)) -> 100.81416 | I8: =$C$7-H8 -> 199.18584
A9: Betonquerschnittsfläche | B9: A_c | C9: =Pfahl_DIN!C35 -> 282743.34 | D9: mm² | F9: =F8+1 -> 4 | G9: =(F9-1)*360/$C$17 -> 45 | H9: =$C$7-$C$8*COS(RADIANS(G9)) -> 137.36544 | I9: =$C$7-H9 -> 162.63456
A10: Bemessungswert der Betondruckfestigkeit | B10: f_cd | C10: =Pfahl_DIN!C24 -> 14.166667 | D10: N/mm² | F10: =F9+1 -> 5 | G10: =(F10-1)*360/$C$17 -> 60 | H10: =$C$7-$C$8*COS(RADIANS(G10)) -> 185 | I10: =$C$7-H10 -> 115
A11: Bemessungswert der Stahlstreckgrenze | B11: f_yd | C11: =Pfahl_DIN!C26 -> 434.78261 | D11: N/mm² | F11: =F10+1 -> 6 | G11: =(F11-1)*360/$C$17 -> 75 | H11: =$C$7-$C$8*COS(RADIANS(G11)) -> 240.47162 | I11: =$C$7-H11 -> 59.52838
A12: Grenzdehnung Beton (Punkt B) | B12: ε_cu2 | C12: =Pfahl_DIN!C29/1000 -> 0.0035 | D12: - | F12: =F11+1 -> 7 | G12: =(F12-1)*360/$C$17 -> 90 | H12: =$C$7-$C$8*COS(RADIANS(G12)) -> 300 | I12: =$C$7-H12 -> 0
A13: Stauchung bei zentrischem Druck (Punkt C) | B13: ε_c2 | C13: =Pfahl_DIN!C30/1000 -> 0.002 | D13: - | F13: =F12+1 -> 8 | G13: =(F13-1)*360/$C$17 -> 105 | H13: =$C$7-$C$8*COS(RADIANS(G13)) -> 359.52838 | I13: =$C$7-H13 -> -59.52838
A14: Bemessungswert der Fließdehnung | B14: ε_yd | C14: =Pfahl_DIN!C28 -> 0.002173913 | D14: - | F14: =F13+1 -> 9 | G14: =(F14-1)*360/$C$17 -> 120 | H14: =$C$7-$C$8*COS(RADIANS(G14)) -> 415 | I14: =$C$7-H14 -> -115
A15: Bezogene Normalkraft (Einwirkung) | B15: ν_Ed | C15: =Pfahl_DIN!C59 -> 0.24965481 | D15: - | F15: =F14+1 -> 10 | G15: =(F15-1)*360/$C$17 -> 135 | H15: =$C$7-$C$8*COS(RADIANS(G15)) -> 462.63456 | I15: =$C$7-H15 -> -162.63456
A16: Bezogenes Moment (Einwirkung) | B16: μ_Ed | C16: =Pfahl_DIN!C60 -> 0.12794809 | D16: - | F16: =F15+1 -> 11 | G16: =(F16-1)*360/$C$17 -> 150 | H16: =$C$7-$C$8*COS(RADIANS(G16)) -> 499.18584 | I16: =$C$7-H16 -> -199.18584
A17: Anzahl äquivalenter Stäbe im Ring | B17: n_div | C17: 24 | D17: - | F17: =F16+1 -> 12 | G17: =(F17-1)*360/$C$17 -> 165 | H17: =$C$7-$C$8*COS(RADIANS(G17)) -> 522.16294 | I17: =$C$7-H17 -> -222.16294
F18: =F17+1 -> 13 | G18: =(F18-1)*360/$C$17 -> 180 | H18: =$C$7-$C$8*COS(RADIANS(G18)) -> 530 | I18: =$C$7-H18 -> -230 | K18: Lineare Interpolation zwischen den beiden μ_Ed einschließenden Zeilen
A19: LÖSUNG — lineare Interpolation im Raster | F19: =F18+1 -> 14 | G19: =(F19-1)*360/$C$17 -> 195 | H19: =$C$7-$C$8*COS(RADIANS(G19)) -> 522.16294 | I19: =$C$7-H19 -> -222.16294 | K19: m1 = μ_Rd(i) | L19: {=INDEX($L$33:$L$212,$C$21)} -> 0.13396615
A20: Minimaler Fehler |μ_Rd − μ_Ed| | C20: =MIN(M33:M212) -> 0.0060180553 | F20: =F19+1 -> 15 | G20: =(F20-1)*360/$C$17 -> 210 | H20: =$C$7-$C$8*COS(RADIANS(G20)) -> 499.18584 | I20: =$C$7-H20 -> -199.18584 | K20: w1 = ω_erf(i) | L20: {=INDEX($K$33:$K$212,$C$21)} -> 0.21450162
A21: Nächstgelegene Rasterzeile | C21: =MATCH(C20,M33:M212,0) -> 37 | F21: =F20+1 -> 16 | G21: =(F21-1)*360/$C$17 -> 225 | H21: =$C$7-$C$8*COS(RADIANS(G21)) -> 462.63456 | I21: =$C$7-H21 -> -162.63456 | K21: Nachbarzeile j | L21: {=IF((L19-$C$16)*(IFERROR(INDEX($L$33:$L$212,$C$21+1),L19)-$C$16)<0,$C$21+1,MAX(1,$C$21-1))} -> 36
A22: Bezogene Druckzonenhöhe | B22: ξ = x/h | C22: {=INDEX(A33:A212,C21)} -> 0.41 | F22: =F21+1 -> 17 | G22: =(F22-1)*360/$C$17 -> 240 | H22: =$C$7-$C$8*COS(RADIANS(G22)) -> 415 | I22: =$C$7-H22 -> -115 | K22: m2 = μ_Rd(j) | L22: {=INDEX($L$33:$L$212,L21)} -> 0.11649908
A23: Druckzonenhöhe | B23: x | C23: =C22*C5 -> 246 | D23: mm | F23: =F22+1 -> 18 | G23: =(F23-1)*360/$C$17 -> 255 | H23: =$C$7-$C$8*COS(RADIANS(G23)) -> 359.52838 | I23: =$C$7-H23 -> -59.52838 | K23: w2 = ω_erf(j) | L23: {=INDEX($K$33:$K$212,L21)} -> 0.14192879
A24: Aufnehmbares Moment in dieser Zeile | B24: μ_Rd | C24: {=INDEX(L33:L212,C21)} -> 0.13396615 | F24: =F23+1 -> 19 | G24: =(F24-1)*360/$C$17 -> 270 | H24: =$C$7-$C$8*COS(RADIANS(G24)) -> 300 | I24: =$C$7-H24 -> 0 | K24: μ_Rd,min des gültigen Astes | L24: =MIN($L$33:$L$212) -> 0.089534792
A25: Maximales μ_Rd des Rasters (ω ≥ 0) | B25: μ_Rd,max | C25: =MAX(L33:L212) -> 1.3749486 | F25: =F24+1 -> 20 | G25: =(F25-1)*360/$C$17 -> 285 | H25: =$C$7-$C$8*COS(RADIANS(G25)) -> 240.47162 | I25: =$C$7-H25 -> 59.52838
A26: Interpolierter mechanischer Bewehrungsgrad | B26: ω_int | C26: =IFERROR(L20+($C$16-L19)*(L23-L20)/(L22-L19),L20) -> 0.18949758 | F26: =F25+1 -> 21 | G26: =(F26-1)*360/$C$17 -> 300 | H26: =$C$7-$C$8*COS(RADIANS(G26)) -> 185 | I26: =$C$7-H26 -> 115
A27: Status der Lösung | C27: =IF($C$16>$C$25,"AUSSERHALB DES GÜLTIGKEITSBEREICHS: μ_Ed > μ_Rd,max → D oder f_ck erhöhen",IF($C$16<$L$24,"μ_Ed wird mit ω→0 abgedeckt → Mindestbewehrung maßgebend (9.8.5)","OK — Lösung durch Interpolation ermittelt")) -> OK — Lösung durch Interpolation ermittelt | F27: =F26+1 -> 22 | G27: =(F27-1)*360/$C$17 -> 315 | H27: =$C$7-$C$8*COS(RADIANS(G27)) -> 137.36544 | I27: =$C$7-H27 -> 162.63456
A28: GEWÄHLTER MECHANISCHER BEWEHRUNGSGRAD | B28: ω | C28: =IF($C$16>$C$25,NA(),IF($C$16<$L$24,0,MAX(0,$C$26))) -> 0.18949758 | D28: - | F28: =F27+1 -> 23 | G28: =(F28-1)*360/$C$17 -> 330 | H28: =$C$7-$C$8*COS(RADIANS(G28)) -> 100.81416 | I28: =$C$7-H28 -> 199.18584
A29: ω = A_s·f_yd / (A_c·f_cd) · A_s = ω·A_c·f_cd / f_yd | F29: =F28+1 -> 24 | G29: =(F29-1)*360/$C$17 -> 345 | H29: =$C$7-$C$8*COS(RADIANS(G29)) -> 77.83706 | I29: =$C$7-H29 -> 222.16294
A31: GLEICHGEWICHTSRASTER: für jede Lage der Nulllinie ξ = x/h wird ω aus der Kräftegleichung (ν_Ed = ν_c + ω·k_s) berechnet und daraus das aufnehmbare Moment μ_Rd = μ_c + ω·k_m ermittelt
A32: ξ = x/h | B32: x [mm] | C32: a = λ·x [mm] | D32: α [rad] | E32: A_seg [mm²] | F32: ν_c | G32: ȳ_c [mm] | H32: μ_c | I32: k_s | J32: k_m | K32: ω_erf | L32: μ_Rd | M32: |μ_Rd − μ_Ed|
A33: 0.05 | B33: =A33*$C$5 -> 30 | C33: =MIN(0.8*B33,$C$5) -> 24 | D33: =ACOS(MAX(-1,($C$7-C33)/$C$7)) -> 0.40271584 | E33: =$C$7^2*(D33-SIN(D33)*COS(D33)) -> 3793.5856 | F33: =E33/$C$9 -> 0.013417065 | G33: =IF(E33>0,2*$C$7^3*SIN(D33)^3/(3*E33),0) -> 285.63369 | H33: =F33*G33/$C$5 -> 0.0063872762 | I33: {=_xlfn.LET(_xlpm.x,$B33,_xlpm.dep,$H$6:$H$29,_xlpm.e,IF(_xlpm.x<=$C$5,$C$12*(_xlpm.x-_xlpm.dep)/_xlpm.x,$C$13*(_xlpm.x-_xlpm.dep)/(_xlpm.x-3*$C$5/7))/$C$14,_xlpm.s,(_xlpm.e>=1)*1+(_xlpm.e<=-1)*(-1)+(ABS(_xlpm.e)<1)*_xlpm.e,AVERAGE(_xlpm.s))} -> -1 | J33: {=_xlfn.LET(_xlpm.x,$B33,_xlpm.dep,$H$6:$H$29,_xlpm.zz,$I$6:$I$29,_xlpm.e,IF(_xlpm.x<=$C$5,$C$12*(_xlpm.x-_xlpm.dep)/_xlpm.x,$C$13*(_xlpm.x-_xlpm.dep)/(_xlpm.x-3*$C$5/7))/$C$14,_xlpm.s,(_xlpm.e>=1)*1+(_xlpm.e<=-1)*(-1)+(ABS(_xlpm.e)<1)*_xlpm.e,SUMPRODUCT(_xlpm.s,_xlpm.zz)/COUNT(_xlpm.zz)/$C$5)} -> 2.3684758e-17 | K33: =IFERROR(($C$15-F33)/I33,"") -> -0.23623775 | L33: =IF(AND(ISNUMBER(K33),N(K33)>0),H33+K33*J33,"") | M33: =IF(ISNUMBER(L33),ABS(L33-$C$16),1000000000) -> 1000000000
A34: =A33+0.01 -> 0.06 | B34: =A34*$C$5 -> 36 | C34: =MIN(0.8*B34,$C$5) -> 28.8 | D34: =ACOS(MAX(-1,($C$7-C34)/$C$7)) -> 0.44176142 | E34: =$C$7^2*(D34-SIN(D34)*COS(D34)) -> 4974.4876 | F34: =E34/$C$9 -> 0.017593651 | G34: =IF(E34>0,2*$C$7^3*SIN(D34)^3/(3*E34),0) -> 282.76875 | H34: =F34*G34/$C$5 -> 0.0082915579 | I34: {=_xlfn.LET(_xlpm.x,$B34,_xlpm.dep,$H$6:$H$29,_xlpm.e,IF(_xlpm.x<=$C$5,$C$12*(_xlpm.x-_xlpm.dep)/_xlpm.x,$C$13*(_xlpm.x-_xlpm.dep)/(_xlpm.x-3*$C$5/7))/$C$14,_xlpm.s,(_xlpm.e>=1)*1+(_xlpm.e<=-1)*(-1)+(ABS(_xlpm.e)<1)*_xlpm.e,AVERAGE(_xlpm.s))} -> -1 | J34: {=_xlfn.LET(_xlpm.x,$B34,_xlpm.dep,$H$6:$H$29,_xlpm.zz,$I$6:$I$29,_xlpm.e,IF(_xlpm.x<=$C$5,$C$12*(_xlpm.x-_xlpm.dep)/_xlpm.x,$C$13*(_xlpm.x-_xlpm.dep)/(_xlpm.x-3*$C$5/7))/$C$14,_xlpm.s,(_xlpm.e>=1)*1+(_xlpm.e<=-1)*(-1)+(ABS(_xlpm.e)<1)*_xlpm.e,SUMPRODUCT(_xlpm.s,_xlpm.zz)/COUNT(_xlpm.zz)/$C$5)} -> 2.3684758e-17 | K34: =IFERROR(($C$15-F34)/I34,"") -> -0.23206116 | L34: =IF(AND(ISNUMBER(K34),N(K34)>0),H34+K34*J34,"") | M34: =IF(ISNUMBER(L34),ABS(L34-$C$16),1000000000) -> 1000000000
A35: =A34+0.01 -> 0.07 | B35: =A35*$C$5 -> 42 | C35: =MIN(0.8*B35,$C$5) -> 33.6 | D35: =ACOS(MAX(-1,($C$7-C35)/$C$7)) -> 0.4778189 | E35: =$C$7^2*(D35-SIN(D35)*COS(D35)) -> 6253.0121 | F35: =E35/$C$9 -> 0.022115506 | G35: =IF(E35>0,2*$C$7^3*SIN(D35)^3/(3*E35),0) -> 279.90667 | H35: =F35*G35/$C$5 -> 0.01031713 | I35: {=_xlfn.LET(_xlpm.x,$B35,_xlpm.dep,$H$6:$H$29,_xlpm.e,IF(_xlpm.x<=$C$5,$C$12*(_xlpm.x-_xlpm.dep)/_xlpm.x,$C$13*(_xlpm.x-_xlpm.dep)/(_xlpm.x-3*$C$5/7))/$C$14,_xlpm.s,(_xlpm.e>=1)*1+(_xlpm.e<=-1)*(-1)+(ABS(_xlpm.e)<1)*_xlpm.e,AVERAGE(_xlpm.s))} -> -1 | J35: {=_xlfn.LET(_xlpm.x,$B35,_xlpm.dep,$H$6:$H$29,_xlpm.zz,$I$6:$I$29,_xlpm.e,IF(_xlpm.x<=$C$5,$C$12*(_xlpm.x-_xlpm.dep)/_xlpm.x,$C$13*(_xlpm.x-_xlpm.dep)/(_xlpm.x-3*$C$5/7))/$C$14,_xlpm.s,(_xlpm.e>=1)*1+(_xlpm.e<=-1)*(-1)+(ABS(_xlpm.e)<1)*_xlpm.e,SUMPRODUCT(_xlpm.s,_xlpm.zz)/COUNT(_xlpm.zz)/$C$5)} -> 2.3684758e-17 | K35: =IFERROR(($C$15-F35)/I35,"") -> -0.22753931 | L35: =IF(AND(ISNUMBER(K35),N(K35)>0),H35+K35*J35,"") | M35: =IF(ISNUMBER(L35),ABS(L35-$C$16),1000000000) -> 1000000000
A36: =A35+0.01 -> 0.08 | B36: =A36*$C$5 -> 48 | C36: =MIN(0.8*B36,$C$5) -> 38.4 | D36: =ACOS(MAX(-1,($C$7-C36)/$C$7)) -> 0.511523 | E36: =$C$7^2*(D36-SIN(D36)*COS(D36)) -> 7620.6494 | F36: =E36/$C$9 -> 0.026952534 | G36: =IF(E36>0,2*$C$7^3*SIN(D36)^3/(3*E36),0) -> 277.04751 | H36: =F36*G36/$C$5 -> 0.01244522 | I36: {=_xlfn.LET(_xlpm.x,$B36,_xlpm.dep,$H$6:$H$29,_xlpm.e,IF(_xlpm.x<=$C$5,$C$12*(_xlpm.x-_xlpm.dep)/_xlpm.x,$C$13*(_xlpm.x-_xlpm.dep)/(_xlpm.x-3*$C$5/7))/$C$14,_xlpm.s,(_xlpm.e>=1)*1+(_xlpm.e<=-1)*(-1)+(ABS(_xlpm.e)<1)*_xlpm.e,AVERAGE(_xlpm.s))} -> -0.98907986 | J36: {=_xlfn.LET(_xlpm.x,$B36,_xlpm.dep,$H$6:$H$29,_xlpm.zz,$I$6:$I$29,_xlpm.e,IF(_xlpm.x<=$C$5,$C$12*(_xlpm.x-_xlpm.dep)/_xlpm.x,$C$13*(_xlpm.x-_xlpm.dep)/(_xlpm.x-3*$C$5/7))/$C$14,_xlpm.s,(_xlpm.e>=1)*1+(_xlpm.e<=-1)*(-1)+(ABS(_xlpm.e)<1)*_xlpm.e,SUMPRODUCT(_xlpm.s,_xlpm.zz)/COUNT(_xlpm.zz)/$C$5)} -> 0.0041860532 | K36: =IFERROR(($C$15-F36)/I36,"") -> -0.22516107 | L36: =IF(AND(ISNUMBER(K36),N(K36)>0),H36+K36*J36,"") | M36: =IF(ISNUMBER(L36),ABS(L36-$C$16),1000000000) -> 1000000000
A37: =A36+0.01 -> 0.09 | B37: =A37*$C$5 -> 54 | C37: =MIN(0.8*B37,$C$5) -> 43.2 | D37: =ACOS(MAX(-1,($C$7-C37)/$C$7)) -> 0.54331425 | E37: =$C$7^2*(D37-SIN(D37)*COS(D37)) -> 9070.465 | F37: =E37/$C$9 -> 0.032080207 | G37: =IF(E37>0,2*$C$7^3*SIN(D37)^3/(3*E37),0) -> 274.19129 | H37: =F37*G37/$C$5 -> 0.014660189 | I37: {=_xlfn.LET(_xlpm.x,$B37,_xlpm.dep,$H$6:$H$29,_xlpm.e,IF(_xlpm.x<=$C$5,$C$12*(_xlpm.x-_xlpm.dep)/_xlpm.x,$C$13*(_xlpm.x-_xlpm.dep)/(_xlpm.x-3*$C$5/7))/$C$14,_xlpm.s,(_xlpm.e>=1)*1+(_xlpm.e<=-1)*(-1)+(ABS(_xlpm.e)<1)*_xlpm.e,AVERAGE(_xlpm.s))} -> -0.95410134 | J37: {=_xlfn.LET(_xlpm.x,$B37,_xlpm.dep,$H$6:$H$29,_xlpm.zz,$I$6:$I$29,_xlpm.e,IF(_xlpm.x<=$C$5,$C$12*(_xlpm.x-_xlpm.dep)/_xlpm.x,$C$13*(_xlpm.x-_xlpm.dep)/(_xlpm.x-3*$C$5/7))/$C$14,_xlpm.s,(_xlpm.e>=1)*1+(_xlpm.e<=-1)*(-1)+(ABS(_xlpm.e)<1)*_xlpm.e,SUMPRODUCT(_xlpm.s,_xlpm.zz)/COUNT(_xlpm.zz)/$C$5)} -> 0.017279587 | K37: =IFERROR(($C$15-F37)/I37,"") -> -0.2280414 | L37: =IF(AND(ISNUMBER(K37),N(K37)>0),H37+K37*J37,"") | M37: =IF(ISNUMBER(L37),ABS(L37-$C$16),1000000000) -> 1000000000
A38: =A37+0.01 -> 0.1 | B38: =A38*$C$5 -> 60 | C38: =MIN(0.8*B38,$C$5) -> 48 | D38: =ACOS(MAX(-1,($C$7-C38)/$C$7)) -> 0.5735131 | E38: =$C$7^2*(D38-SIN(D38)*COS(D38)) -> 10596.648 | F38: =E38/$C$9 -> 0.037477975 | G38: =IF(E38>0,2*$C$7^3*SIN(D38)^3/(3*E38),0) -> 271.33806 | H38: =F38*G38/$C$5 -> 0.016948668 | I38: {=_xlfn.LET(_xlpm.x,$B38,_xlpm.dep,$H$6:$H$29,_xlpm.e,IF(_xlpm.x<=$C$5,$C$12*(_xlpm.x-_xlpm.dep)/_xlpm.x,$C$13*(_xlpm.x-_xlpm.dep)/(_xlpm.x-3*$C$5/7))/$C$14,_xlpm.s,(_xlpm.e>=1)*1+(_xlpm.e<=-1)*(-1)+(ABS(_xlpm.e)<1)*_xlpm.e,AVERAGE(_xlpm.s))} -> -0.9260662 | J38: {=_xlfn.LET(_xlpm.x,$B38,_xlpm.dep,$H$6:$H$29,_xlpm.zz,$I$6:$I$29,_xlpm.e,IF(_xlpm.x<=$C$5,$C$12*(_xlpm.x-_xlpm.dep)/_xlpm.x,$C$13*(_xlpm.x-_xlpm.dep)/(_xlpm.x-3*$C$5/7))/$C$14,_xlpm.s,(_xlpm.e>=1)*1+(_xlpm.e<=-1)*(-1)+(ABS(_xlpm.e)<1)*_xlpm.e,SUMPRODUCT(_xlpm.s,_xlpm.zz)/COUNT(_xlpm.zz)/$C$5)} -> 0.027773785 | K38: =IFERROR(($C$15-F38)/I38,"") -> -0.22911627 | L38: =IF(AND(ISNUMBER(K38),N(K38)>0),H38+K38*J38,"") | M38: =IF(ISNUMBER(L38),ABS(L38-$C$16),1000000000) -> 1000000000
A39: =A38+0.01 -> 0.11 | B39: =A39*$C$5 -> 66 | C39: =MIN(0.8*B39,$C$5) -> 52.8 | D39: =ACOS(MAX(-1,($C$7-C39)/$C$7)) -> 0.60236134 | E39: =$C$7^2*(D39-SIN(D39)*COS(D39)) -> 12194.221 | F39: =E39/$C$9 -> 0.043128236 | G39: =IF(E39>0,2*$C$7^3*SIN(D39)^3/(3*E39),0) -> 268.48788 | H39: =F39*G39/$C$5 -> 0.019299014 | I39: {=_xlfn.LET(_xlpm.x,$B39,_xlpm.dep,$H$6:$H$29,_xlpm.e,IF(_xlpm.x<=$C$5,$C$12*(_xlpm.x-_xlpm.dep)/_xlpm.x,$C$13*(_xlpm.x-_xlpm.dep)/(_xlpm.x-3*$C$5/7))/$C$14,_xlpm.s,(_xlpm.e>=1)*1+(_xlpm.e<=-1)*(-1)+(ABS(_xlpm.e)<1)*_xlpm.e,AVERAGE(_xlpm.s))} -> -0.89056624 | J39: {=_xlfn.LET(_xlpm.x,$B39,_xlpm.dep,$H$6:$H$29,_xlpm.zz,$I$6:$I$29,_xlpm.e,IF(_xlpm.x<=$C$5,$C$12*(_xlpm.x-_xlpm.dep)/_xlpm.x,$C$13*(_xlpm.x-_xlpm.dep)/(_xlpm.x-3*$C$5/7))/$C$14,_xlpm.s,(_xlpm.e>=1)*1+(_xlpm.e<=-1)*(-1)+(ABS(_xlpm.e)<1)*_xlpm.e,SUMPRODUCT(_xlpm.s,_xlpm.zz)/COUNT(_xlpm.zz)/$C$5)} -> 0.040530278 | K39: =IFERROR(($C$15-F39)/I39,"") -> -0.23190479 | L39: =IF(AND(ISNUMBER(K39),N(K39)>0),H39+K39*J39,"") | M39: =IF(ISNUMBER(L39),ABS(L39-$C$16),1000000000) -> 1000000000
A40: =A39+0.01 -> 0.12 | B40: =A40*$C$5 -> 72 | C40: =MIN(0.8*B40,$C$5) -> 57.6 | D40: =ACOS(MAX(-1,($C$7-C40)/$C$7)) -> 0.63004669 | E40: =$C$7^2*(D40-SIN(D40)*COS(D40)) -> 13858.852 | F40: =E40/$C$9 -> 0.049015662 | G40: =IF(E40>0,2*$C$7^3*SIN(D40)^3/(3*E40),0) -> 265.64077 | H40: =F40*G40/$C$5 -> 0.02170093 | I40: {=_xlfn.LET(_xlpm.x,$B40,_xlpm.dep,$H$6:$H$29,_xlpm.e,IF(_xlpm.x<=$C$5,$C$12*(_xlpm.x-_xlpm.dep)/_xlpm.x,$C$13*(_xlpm.x-_xlpm.dep)/(_xlpm.x-3*$C$5/7))/$C$14,_xlpm.s,(_xlpm.e>=1)*1+(_xlpm.e<=-1)*(-1)+(ABS(_xlpm.e)<1)*_xlpm.e,AVERAGE(_xlpm.s))} -> -0.85437322 | J40: {=_xlfn.LET(_xlpm.x,$B40,_xlpm.dep,$H$6:$H$29,_xlpm.zz,$I$6:$I$29,_xlpm.e,IF(_xlpm.x<=$C$5,$C$12*(_xlpm.x-_xlpm.dep)/_xlpm.x,$C$13*(_xlpm.x-_xlpm.dep)/(_xlpm.x-3*$C$5/7))/$C$14,_xlpm.s,(_xlpm.e>=1)*1+(_xlpm.e<=-1)*(-1)+(ABS(_xlpm.e)<1)*_xlpm.e,SUMPRODUCT(_xlpm.s,_xlpm.zz)/COUNT(_xlpm.zz)/$C$5)} -> 0.053354957 | K40: =IFERROR(($C$15-F40)/I40,"") -> -0.23483783 | L40: =IF(AND(ISNUMBER(K40),N(K40)>0),H40+K40*J40,"") | M40: =IF(ISNUMBER(L40),ABS(L40-$C$16),1000000000) -> 1000000000
A41: =A40+0.01 -> 0.13 | B41: =A41*$C$5 -> 78 | C41: =MIN(0.8*B41,$C$5) -> 62.4 | D41: =ACOS(MAX(-1,($C$7-C41)/$C$7)) -> 0.65671836 | E41: =$C$7^2*(D41-SIN(D41)*COS(D41)) -> 15586.71 | F41: =E41/$C$9 -> 0.055126708 | G41: =IF(E41>0,2*$C$7^3*SIN(D41)^3/(3*E41),0) -> 262.7968 | H41: =F41*G41/$C$5 -> 0.024145204 | I41: {=_xlfn.LET(_xlpm.x,$B41,_xlpm.dep,$H$6:$H$29,_xlpm.e,IF(_xlpm.x<=$C$5,$C$12*(_xlpm.x-_xlpm.dep)/_xlpm.x,$C$13*(_xlpm.x-_xlpm.dep)/(_xlpm.x-3*$C$5/7))/$C$14,_xlpm.s,(_xlpm.e>=1)*1+(_xlpm.e<=-1)*(-1)+(ABS(_xlpm.e)<1)*_xlpm.e,AVERAGE(_xlpm.s))} -> -0.82374835 | J41: {=_xlfn.LET(_xlpm.x,$B41,_xlpm.dep,$H$6:$H$29,_xlpm.zz,$I$6:$I$29,_xlpm.e,IF(_xlpm.x<=$C$5,$C$12*(_xlpm.x-_xlpm.dep)/_xlpm.x,$C$13*(_xlpm.x-_xlpm.dep)/(_xlpm.x-3*$C$5/7))/$C$14,_xlpm.s,(_xlpm.e>=1)*1+(_xlpm.e<=-1)*(-1)+(ABS(_xlpm.e)<1)*_xlpm.e,SUMPRODUCT(_xlpm.s,_xlpm.zz)/COUNT(_xlpm.zz)/$C$5)} -> 0.064206609 | K41: =IFERROR(($C$15-F41)/I41,"") -> -0.23614992 | L41: =IF(AND(ISNUMBER(K41),N(K41)>0),H41+K41*J41,"") | M41: =IF(ISNUMBER(L41),ABS(L41-$C$16),1000000000) -> 1000000000
A42: =A41+0.01 -> 0.14 | B42: =A42*$C$5 -> 84 | C42: =MIN(0.8*B42,$C$5) -> 67.2 | D42: =ACOS(MAX(-1,($C$7-C42)/$C$7)) -> 0.68249732 | E42: =$C$7^2*(D42-SIN(D42)*COS(D42)) -> 17374.372 | F42: =E42/$C$9 -> 0.061449272 | G42: =IF(E42>0,2*$C$7^3*SIN(D42)^3/(3*E42),0) -> 259.956 | H42: =F42*G42/$C$5 -> 0.026623512 | I42: {=_xlfn.LET(_xlpm.x,$B42,_xlpm.dep,$H$6:$H$29,_xlpm.e,IF(_xlpm.x<=$C$5,$C$12*(_xlpm.x-_xlpm.dep)/_xlpm.x,$C$13*(_xlpm.x-_xlpm.dep)/(_xlpm.x-3*$C$5/7))/$C$14,_xlpm.s,(_xlpm.e>=1)*1+(_xlpm.e<=-1)*(-1)+(ABS(_xlpm.e)<1)*_xlpm.e,AVERAGE(_xlpm.s))} -> -0.79749847 | J42: {=_xlfn.LET(_xlpm.x,$B42,_xlpm.dep,$H$6:$H$29,_xlpm.zz,$I$6:$I$29,_xlpm.e,IF(_xlpm.x<=$C$5,$C$12*(_xlpm.x-_xlpm.dep)/_xlpm.x,$C$13*(_xlpm.x-_xlpm.dep)/(_xlpm.x-3*$C$5/7))/$C$14,_xlpm.s,(_xlpm.e>=1)*1+(_xlpm.e<=-1)*(-1)+(ABS(_xlpm.e)<1)*_xlpm.e,SUMPRODUCT(_xlpm.s,_xlpm.zz)/COUNT(_xlpm.zz)/$C$5)} -> 0.073508026 | K42: =IFERROR(($C$15-F42)/I42,"") -> -0.23599486 | L42: =IF(AND(ISNUMBER(K42),N(K42)>0),H42+K42*J42,"") | M42: =IF(ISNUMBER(L42),ABS(L42-$C$16),1000000000) -> 1000000000
A43: =A42+0.01 -> 0.15 | B43: =A43*$C$5 -> 90 | C43: =MIN(0.8*B43,$C$5) -> 72 | D43: =ACOS(MAX(-1,($C$7-C43)/$C$7)) -> 0.70748321 | E43: =$C$7^2*(D43-SIN(D43)*COS(D43)) -> 19218.751 | F43: =E43/$C$9 -> 0.067972427 | G43: =IF(E43>0,2*$C$7^3*SIN(D43)^3/(3*E43),0) -> 257.11843 | H43: =F43*G43/$C$5 -> 0.029128273 | I43: {=_xlfn.LET(_xlpm.x,$B43,_xlpm.dep,$H$6:$H$29,_xlpm.e,IF(_xlpm.x<=$C$5,$C$12*(_xlpm.x-_xlpm.dep)/_xlpm.x,$C$13*(_xlpm.x-_xlpm.dep)/(_xlpm.x-3*$C$5/7))/$C$14,_xlpm.s,(_xlpm.e>=1)*1+(_xlpm.e<=-1)*(-1)+(ABS(_xlpm.e)<1)*_xlpm.e,AVERAGE(_xlpm.s))} -> -0.76202483 | J43: {=_xlfn.LET(_xlpm.x,$B43,_xlpm.dep,$H$6:$H$29,_xlpm.zz,$I$6:$I$29,_xlpm.e,IF(_xlpm.x<=$C$5,$C$12*(_xlpm.x-_xlpm.dep)/_xlpm.x,$C$13*(_xlpm.x-_xlpm.dep)/(_xlpm.x-3*$C$5/7))/$C$14,_xlpm.s,(_xlpm.e>=1)*1+(_xlpm.e<=-1)*(-1)+(ABS(_xlpm.e)<1)*_xlpm.e,SUMPRODUCT(_xlpm.s,_xlpm.zz)/COUNT(_xlpm.zz)/$C$5)} -> 0.08501812 | K43: =IFERROR(($C$15-F43)/I43,"") -> -0.23842056 | L43: =IF(AND(ISNUMBER(K43),N(K43)>0),H43+K43*J43,"") | M43: =IF(ISNUMBER(L43),ABS(L43-$C$16),1000000000) -> 1000000000
A44: =A43+0.01 -> 0.16 | B44: =A44*$C$5 -> 96 | C44: =MIN(0.8*B44,$C$5) -> 76.8 | D44: =ACOS(MAX(-1,($C$7-C44)/$C$7)) -> 0.73175934 | E44: =$C$7^2*(D44-SIN(D44)*COS(D44)) -> 21117.033 | F44: =E44/$C$9 -> 0.074686228 | G44: =IF(E44>0,2*$C$7^3*SIN(D44)^3/(3*E44),0) -> 254.28414 | H44: =F44*G44/$C$5 -> 0.031652538 | I44: {=_xlfn.LET(_xlpm.x,$B44,_xlpm.dep,$H$6:$H$29,_xlpm.e,IF(_xlpm.x<=$C$5,$C$12*(_xlpm.x-_xlpm.dep)/_xlpm.x,$C$13*(_xlpm.x-_xlpm.dep)/(_xlpm.x-3*$C$5/7))/$C$14,_xlpm.s,(_xlpm.e>=1)*1+(_xlpm.e<=-1)*(-1)+(ABS(_xlpm.e)<1)*_xlpm.e,AVERAGE(_xlpm.s))} -> -0.72932015 | J44: {=_xlfn.LET(_xlpm.x,$B44,_xlpm.dep,$H$6:$H$29,_xlpm.zz,$I$6:$I$29,_xlpm.e,IF(_xlpm.x<=$C$5,$C$12*(_xlpm.x-_xlpm.dep)/_xlpm.x,$C$13*(_xlpm.x-_xlpm.dep)/(_xlpm.x-3*$C$5/7))/$C$14,_xlpm.s,(_xlpm.e>=1)*1+(_xlpm.e<=-1)*(-1)+(ABS(_xlpm.e)<1)*_xlpm.e,SUMPRODUCT(_xlpm.s,_xlpm.zz)/COUNT(_xlpm.zz)/$C$5)} -> 0.095540828 | K44: =IFERROR(($C$15-F44)/I44,"") -> -0.23990642 | L44: =IF(AND(ISNUMBER(K44),N(K44)>0),H44+K44*J44,"") | M44: =IF(ISNUMBER(L44),ABS(L44-$C$16),1000000000) -> 1000000000
A45: =A44+0.01 -> 0.17 | B45: =A45*$C$5 -> 102 | C45: =MIN(0.8*B45,$C$5) -> 81.6 | D45: =ACOS(MAX(-1,($C$7-C45)/$C$7)) -> 0.75539616 | E45: =$C$7^2*(D45-SIN(D45)*COS(D45)) -> 23066.641 | F45: =E45/$C$9 -> 0.081581555 | G45: =IF(E45>0,2*$C$7^3*SIN(D45)^3/(3*E45),0) -> 251.45317 | H45: =F45*G45/$C$5 -> 0.0341899 | I45: {=_xlfn.LET(_xlpm.x,$B45,_xlpm.dep,$H$6:$H$29,_xlpm.e,IF(_xlpm.x<=$C$5,$C$12*(_xlpm.x-_xlpm.dep)/_xlpm.x,$C$13*(_xlpm.x-_xlpm.dep)/(_xlpm.x-3*$C$5/7))/$C$14,_xlpm.s,(_xlpm.e>=1)*1+(_xlpm.e<=-1)*(-1)+(ABS(_xlpm.e)<1)*_xlpm.e,AVERAGE(_xlpm.s))} -> -0.70046309 | J45: {=_xlfn.LET(_xlpm.x,$B45,_xlpm.dep,$H$6:$H$29,_xlpm.zz,$I$6:$I$29,_xlpm.e,IF(_xlpm.x<=$C$5,$C$12*(_xlpm.x-_xlpm.dep)/_xlpm.x,$C$13*(_xlpm.x-_xlpm.dep)/(_xlpm.x-3*$C$5/7))/$C$14,_xlpm.s,(_xlpm.e>=1)*1+(_xlpm.e<=-1)*(-1)+(ABS(_xlpm.e)<1)*_xlpm.e,SUMPRODUCT(_xlpm.s,_xlpm.zz)/COUNT(_xlpm.zz)/$C$5)} -> 0.10482557 | K45: =IFERROR(($C$15-F45)/I45,"") -> -0.23994592 | L45: =IF(AND(ISNUMBER(K45),N(K45)>0),H45+K45*J45,"") | M45: =IF(ISNUMBER(L45),ABS(L45-$C$16),1000000000) -> 1000000000
... A212: =A211+0.01 -> 1.84 | B212: =A212*$C$5 -> 1104 | C212: =MIN(0.8*B212,$C$5) -> 600 | D212: =ACOS(MAX(-1,($C$7-C212)/$C$7)) -> 3.1415927 | E212: =$C$7^2*(D212-SIN(D212)*COS(D212)) -> 282743.34 | F212: =E212/$C$9 -> 1 | G212: =IF(E212>0,2*$C$7^3*SIN(D212)^3/(3*E212),0) -> 1.1707018e-46 | H212: =F212*G212/$C$5 -> 1.9511696e-49 | I212: {=_xlfn.LET(_xlpm.x,$B212,_xlpm.dep,$H$6:$H$29,_xlpm.e,IF(_xlpm.x<=$C$5,$C$12*(_xlpm.x-_xlpm.dep)/_xlpm.x,$C$13*(_xlpm.x-_xlpm.dep)/(_xlpm.x-3*$C$5/7))/$C$14,_xlpm.s,(_xlpm.e>=1)*1+(_xlpm.e<=-1)*(-1)+(ABS(_xlpm.e)<1)*_xlpm.e,AVERAGE(_xlpm.s))} -> 0.84707472 | J212: {=_xlfn.LET(_xlpm.x,$B212,_xlpm.dep,$H$6:$H$29,_xlpm.zz,$I$6:$I$29,_xlpm.e,IF(_xlpm.x<=$C$5,$C$12*(_xlpm.x-_xlpm.dep)/_xlpm.x,$C$13*(_xlpm.x-_xlpm.dep)/(_xlpm.x-3*$C$5/7))/$C$14,_xlpm.s,(_xlpm.e>=1)*1+(_xlpm.e<=-1)*(-1)+(ABS(_xlpm.e)<1)*_xlpm.e,SUMPRODUCT(_xlpm.s,_xlpm.zz)/COUNT(_xlpm.zz)/$C$5)} -> 0.038761978 | K212: =IFERROR(($C$15-F212)/I212,"") -> -0.88580756 | L212: =IF(AND(ISNUMBER(K212),N(K212)>0),H212+K212*J212,"") | M212: =IF(ISNUMBER(L212),ABS(L212-$C$16),1000000000) -> 1000000000

Sheet Nomogramm_2025
A1: DIMENSIONSLOSES μ–ν–ω-DIAGRAMM FÜR KREISQUERSCHNITTE (EN 1992-1-1:2025) — verknüpft mit Pfahl_2025
A2: Querschnittsgleichgewicht nach DIN EN 1992-1-1, 6.1 und 3.1.7(3): rechteckiger Spannungsblock (λ = 0,8 ; η = 1,0 für f_ck ≤ 50 N/mm²); Dehnungsebene nach Bild 6.1 (Punkte B und C); bilineare Stahlkennlinie nach 3.2.7 Bild 3.8 mit horizontalem Ast (σ_s ≤ f_yd).
A4: Mit Blatt Pfahl_2025 verknüpfte Parameter | F4: Diskretisierung des Bewehrungsrings (24 Positionen gleicher Fläche)
A5: Durchmesser / Höhe | B5: h = D | C5: =Pfahl_2025!C9 -> 600 | D5: mm | F5: i | G5: φ [°] | H5: d_i [mm] | I5: z_i [mm]
A6: Achsabstand der Bewehrung | B6: d_1 | C6: =Pfahl_2025!C36 -> 70 | D6: mm | F6: 1 | G6: =(F6-1)*360/$C$17 -> 0 | H6: =$C$7-$C$8*COS(RADIANS(G6)) -> 70 | I6: =$C$7-H6 -> 230
A7: Außenradius | B7: r | C7: =C5/2 -> 300 | D7: mm | F7: =F6+1 -> 2 | G7: =(F7-1)*360/$C$17 -> 15 | H7: =$C$7-$C$8*COS(RADIANS(G7)) -> 77.83706 | I7: =$C$7-H7 -> 222.16294
A8: Radius des Bewehrungsrings | B8: r_s | C8: =C7-C6 -> 230 | D8: mm | F8: =F7+1 -> 3 | G8: =(F8-1)*360/$C$17 -> 30 | H8: =$C$7-$C$8*COS(RADIANS(G8)) -> 100.81416 | I8: =$C$7-H8 -> 199.18584
A9: Betonquerschnittsfläche | B9: A_c | C9: =Pfahl_2025!C35 -> 282743.34 | D9: mm² | F9: =F8+1 -> 4 | G9: =(F9-1)*360/$C$17 -> 45 | H9: =$C$7-$C$8*COS(RADIANS(G9)) -> 137.36544 | I9: =$C$7-H9 -> 162.63456
A10: Bemessungswert der Betondruckfestigkeit | B10: f_cd | C10: =Pfahl_2025!C24 -> 16.666667 | D10: N/mm² | F10: =F9+1 -> 5 | G10: =(F10-1)*360/$C$17 -> 60 | H10: =$C$7-$C$8*COS(RADIANS(G10)) -> 185 | I10: =$C$7-H10 -> 115
A11: Bemessungswert der Stahlstreckgrenze | B11: f_yd | C11: =Pfahl_2025!C26 -> 434.78261 | D11: N/mm² | F11: =F10+1 -> 6 | G11: =(F11-1)*360/$C$17 -> 75 | H11: =$C$7-$C$8*COS(RADIANS(G11)) -> 240.47162 | I11: =$C$7-H11 -> 59.52838
A12: Grenzdehnung Beton (Punkt B) | B12: ε_cu2 | C12: =Pfahl_2025!C29/1000 -> 0.0035 | D12: - | F12: =F11+1 -> 7 | G12: =(F12-1)*360/$C$17 -> 90 | H12: =$C$7-$C$8*COS(RADIANS(G12)) -> 300 | I12: =$C$7-H12 -> 0
A13: Stauchung bei zentrischem Druck (Punkt C) | B13: ε_c2 | C13: =Pfahl_2025!C30/1000 -> 0.002 | D13: - | F13: =F12+1 -> 8 | G13: =(F13-1)*360/$C$17 -> 105 | H13: =$C$7-$C$8*COS(RADIANS(G13)) -> 359.52838 | I13: =$C$7-H13 -> -59.52838
A14: Bemessungswert der Fließdehnung | B14: ε_yd | C14: =Pfahl_2025!C28 -> 0.002173913 | D14: - | F14: =F13+1 -> 9 | G14: =(F14-1)*360/$C$17 -> 120 | H14: =$C$7-$C$8*COS(RADIANS(G14)) -> 415 | I14: =$C$7-H14 -> -115
A15: Bezogene Normalkraft (Einwirkung) | B15: ν_Ed | C15: =Pfahl_2025!C59 -> 0.21220659 | D15: - | F15: =F14+1 -> 10 | G15: =(F15-1)*360/$C$17 -> 135 | H15: =$C$7-$C$8*COS(RADIANS(G15)) -> 462.63456 | I15: =$C$7-H15 -> -162.63456
A16: Bezogenes Moment (Einwirkung) | B16: μ_Ed | C16: =Pfahl_2025!C60 -> 0.10875588 | D16: - | F16: =F15+1 -> 11 | G16: =(F16-1)*360/$C$17 -> 150 | H16: =$C$7-$C$8*COS(RADIANS(G16)) -> 499.18584 | I16: =$C$7-H16 -> -199.18584
A17: Anzahl äquivalenter Stäbe im Ring | B17: n_div | C17: 24 | D17: - | F17: =F16+1 -> 12 | G17: =(F17-1)*360/$C$17 -> 165 | H17: =$C$7-$C$8*COS(RADIANS(G17)) -> 522.16294 | I17: =$C$7-H17 -> -222.16294
F18: =F17+1 -> 13 | G18: =(F18-1)*360/$C$17 -> 180 | H18: =$C$7-$C$8*COS(RADIANS(G18)) -> 530 | I18: =$C$7-H18 -> -230 | K18: Lineare Interpolation zwischen den beiden μ_Ed einschließenden Zeilen
A19: LÖSUNG — lineare Interpolation im Raster | F19: =F18+1 -> 14 | G19: =(F19-1)*360/$C$17 -> 195 | H19: =$C$7-$C$8*COS(RADIANS(G19)) -> 522.16294 | I19: =$C$7-H19 -> -222.16294 | K19: m1 = μ_Rd(i) | L19: {=INDEX($L$33:$L$212,$C$21)} -> 0.11109731
A20: Minimaler Fehler |μ_Rd − μ_Ed| | C20: =MIN(M33:M212) -> 0.0023414369 | F20: =F19+1 -> 15 | G20: =(F20-1)*360/$C$17 -> 210 | H20: =$C$7-$C$8*COS(RADIANS(G20)) -> 499.18584 | I20: =$C$7-H20 -> -199.18584 | K20: w1 = ω_erf(i) | L20: {=INDEX($K$33:$K$212,$C$21)} -> 0.14489099
A21: Nächstgelegene Rasterzeile | C21: =MATCH(C20,M33:M212,0) -> 33 | F21: =F20+1 -> 16 | G21: =(F21-1)*360/$C$17 -> 225 | H21: =$C$7-$C$8*COS(RADIANS(G21)) -> 462.63456 | I21: =$C$7-H21 -> -162.63456 | K21: Nachbarzeile j | L21: {=IF((L19-$C$16)*(IFERROR(INDEX($L$33:$L$212,$C$21+1),L19)-$C$16)<0,$C$21+1,MAX(1,$C$21-1))} -> 32
A22: Bezogene Druckzonenhöhe | B22: ξ = x/h | C22: {=INDEX(A33:A212,C21)} -> 0.37 | F22: =F21+1 -> 17 | G22: =(F22-1)*360/$C$17 -> 240 | H22: =$C$7-$C$8*COS(RADIANS(G22)) -> 415 | I22: =$C$7-H22 -> -115 | K22: m2 = μ_Rd(j) | L22: {=INDEX($L$33:$L$212,L21)} -> 0.09961533
A23: Druckzonenhöhe | B23: x | C23: =C22*C5 -> 222 | D23: mm | F23: =F22+1 -> 18 | G23: =(F23-1)*360/$C$17 -> 255 | H23: =$C$7-$C$8*COS(RADIANS(G23)) -> 359.52838 | I23: =$C$7-H23 -> -59.52838 | K23: w2 = ω_erf(j) | L23: {=INDEX($K$33:$K$212,L21)} -> 0.10031179
A24: Aufnehmbares Moment in dieser Zeile | B24: μ_Rd | C24: {=INDEX(L33:L212,C21)} -> 0.11109731 | F24: =F23+1 -> 19 | G24: =(F24-1)*360/$C$17 -> 270 | H24: =$C$7-$C$8*COS(RADIANS(G24)) -> 300 | I24: =$C$7-H24 -> 0 | K24: μ_Rd,min des gültigen Astes | L24: =MIN($L$33:$L$212) -> 0.080182561
A25: Maximales μ_Rd des Rasters (ω ≥ 0) | B25: μ_Rd,max | C25: =MAX(L33:L212) -> 1.7944893 | F25: =F24+1 -> 20 | G25: =(F25-1)*360/$C$17 -> 285 | H25: =$C$7-$C$8*COS(RADIANS(G25)) -> 240.47162 | I25: =$C$7-H25 -> 59.52838
A26: Interpolierter mechanischer Bewehrungsgrad | B26: ω_int | C26: =IFERROR(L20+($C$16-L19)*(L23-L20)/(L22-L19),L20) -> 0.13580028 | F26: =F25+1 -> 21 | G26: =(F26-1)*360/$C$17 -> 300 | H26: =$C$7-$C$8*COS(RADIANS(G26)) -> 185 | I26: =$C$7-H26 -> 115
A27: Status der Lösung | C27: =IF($C$16>$C$25,"AUSSERHALB DES GÜLTIGKEITSBEREICHS: μ_Ed > μ_Rd,max → D oder f_ck erhöhen",IF($C$16<$L$24,"μ_Ed wird mit ω→0 abgedeckt → Mindestbewehrung maßgebend (9.8.5)","OK — Lösung durch Interpolation ermittelt")) -> OK — Lösung durch Interpolation ermittelt | F27: =F26+1 -> 22 | G27: =(F27-1)*360/$C$17 -> 315 | H27: =$C$7-$C$8*COS(RADIANS(G27)) -> 137.36544 | I27: =$C$7-H27 -> 162.63456
A28: GEWÄHLTER MECHANISCHER BEWEHRUNGSGRAD | B28: ω | C28: =IF($C$16>$C$25,NA(),IF($C$16<$L$24,0,MAX(0,$C$26))) -> 0.13580028 | D28: - | F28: =F27+1 -> 23 | G28: =(F28-1)*360/$C$17 -> 330 | H28: =$C$7-$C$8*COS(RADIANS(G28)) -> 100.81416 | I28: =$C$7-H28 -> 199.18584
A29: ω = A_s·f_yd / (A_c·f_cd) · A_s = ω·A_c·f_cd / f_yd | F29: =F28+1 -> 24 | G29: =(F29-1)*360/$C$17 -> 345 | H29: =$C$7-$C$8*COS(RADIANS(G29)) -> 77.83706 | I29: =$C$7-H29 -> 222.16294
A31: GLEICHGEWICHTSRASTER: für jede Lage der Nulllinie ξ = x/h wird ω aus der Kräftegleichung (ν_Ed = ν_c + ω·k_s) berechnet und daraus das aufnehmbare Moment μ_Rd = μ_c + ω·k_m ermittelt
A32: ξ = x/h | B32: x [mm] | C32: a = λ·x [mm] | D32: α [rad] | E32: A_seg [mm²] | F32: ν_c | G32: ȳ_c [mm] | H32: μ_c | I32: k_s | J32: k_m | K32: ω_erf | L32: μ_Rd | M32: |μ_Rd − μ_Ed|
A33: 0.05 | B33: =A33*$C$5 -> 30 | C33: =MIN(0.8*B33,$C$5) -> 24 | D33: =ACOS(MAX(-1,($C$7-C33)/$C$7)) -> 0.40271584 | E33: =$C$7^2*(D33-SIN(D33)*COS(D33)) -> 3793.5856 | F33: =E33/$C$9 -> 0.013417065 | G33: =IF(E33>0,2*$C$7^3*SIN(D33)^3/(3*E33),0) -> 285.63369 | H33: =F33*G33/$C$5 -> 0.0063872762 | I33: {=_xlfn.LET(_xlpm.x,$B33,_xlpm.dep,$H$6:$H$29,_xlpm.e,IF(_xlpm.x<=$C$5,$C$12*(_xlpm.x-_xlpm.dep)/_xlpm.x,$C$13*(_xlpm.x-_xlpm.dep)/(_xlpm.x-3*$C$5/7))/$C$14,_xlpm.s,(_xlpm.e>=1)*1+(_xlpm.e<=-1)*(-1)+(ABS(_xlpm.e)<1)*_xlpm.e,AVERAGE(_xlpm.s))} -> -1 | J33: {=_xlfn.LET(_xlpm.x,$B33,_xlpm.dep,$H$6:$H$29,_xlpm.zz,$I$6:$I$29,_xlpm.e,IF(_xlpm.x<=$C$5,$C$12*(_xlpm.x-_xlpm.dep)/_xlpm.x,$C$13*(_xlpm.x-_xlpm.dep)/(_xlpm.x-3*$C$5/7))/$C$14,_xlpm.s,(_xlpm.e>=1)*1+(_xlpm.e<=-1)*(-1)+(ABS(_xlpm.e)<1)*_xlpm.e,SUMPRODUCT(_xlpm.s,_xlpm.zz)/COUNT(_xlpm.zz)/$C$5)} -> 2.3684758e-17 | K33: =IFERROR(($C$15-F33)/I33,"") -> -0.19878953 | L33: =IF(AND(ISNUMBER(K33),N(K33)>0),H33+K33*J33,"") | M33: =IF(ISNUMBER(L33),ABS(L33-$C$16),1000000000) -> 1000000000
A34: =A33+0.01 -> 0.06 | B34: =A34*$C$5 -> 36 | C34: =MIN(0.8*B34,$C$5) -> 28.8 | D34: =ACOS(MAX(-1,($C$7-C34)/$C$7)) -> 0.44176142 | E34: =$C$7^2*(D34-SIN(D34)*COS(D34)) -> 4974.4876 | F34: =E34/$C$9 -> 0.017593651 | G34: =IF(E34>0,2*$C$7^3*SIN(D34)^3/(3*E34),0) -> 282.76875 | H34: =F34*G34/$C$5 -> 0.0082915579 | I34: {=_xlfn.LET(_xlpm.x,$B34,_xlpm.dep,$H$6:$H$29,_xlpm.e,IF(_xlpm.x<=$C$5,$C$12*(_xlpm.x-_xlpm.dep)/_xlpm.x,$C$13*(_xlpm.x-_xlpm.dep)/(_xlpm.x-3*$C$5/7))/$C$14,_xlpm.s,(_xlpm.e>=1)*1+(_xlpm.e<=-1)*(-1)+(ABS(_xlpm.e)<1)*_xlpm.e,AVERAGE(_xlpm.s))} -> -1 | J34: {=_xlfn.LET(_xlpm.x,$B34,_xlpm.dep,$H$6:$H$29,_xlpm.zz,$I$6:$I$29,_xlpm.e,IF(_xlpm.x<=$C$5,$C$12*(_xlpm.x-_xlpm.dep)/_xlpm.x,$C$13*(_xlpm.x-_xlpm.dep)/(_xlpm.x-3*$C$5/7))/$C$14,_xlpm.s,(_xlpm.e>=1)*1+(_xlpm.e<=-1)*(-1)+(ABS(_xlpm.e)<1)*_xlpm.e,SUMPRODUCT(_xlpm.s,_xlpm.zz)/COUNT(_xlpm.zz)/$C$5)} -> 2.3684758e-17 | K34: =IFERROR(($C$15-F34)/I34,"") -> -0.19461294 | L34: =IF(AND(ISNUMBER(K34),N(K34)>0),H34+K34*J34,"") | M34: =IF(ISNUMBER(L34),ABS(L34-$C$16),1000000000) -> 1000000000
A35: =A34+0.01 -> 0.07 | B35: =A35*$C$5 -> 42 | C35: =MIN(0.8*B35,$C$5) -> 33.6 | D35: =ACOS(MAX(-1,($C$7-C35)/$C$7)) -> 0.4778189 | E35: =$C$7^2*(D35-SIN(D35)*COS(D35)) -> 6253.0121 | F35: =E35/$C$9 -> 0.022115506 | G35: =IF(E35>0,2*$C$7^3*SIN(D35)^3/(3*E35),0) -> 279.90667 | H35: =F35*G35/$C$5 -> 0.01031713 | I35: {=_xlfn.LET(_xlpm.x,$B35,_xlpm.dep,$H$6:$H$29,_xlpm.e,IF(_xlpm.x<=$C$5,$C$12*(_xlpm.x-_xlpm.dep)/_xlpm.x,$C$13*(_xlpm.x-_xlpm.dep)/(_xlpm.x-3*$C$5/7))/$C$14,_xlpm.s,(_xlpm.e>=1)*1+(_xlpm.e<=-1)*(-1)+(ABS(_xlpm.e)<1)*_xlpm.e,AVERAGE(_xlpm.s))} -> -1 | J35: {=_xlfn.LET(_xlpm.x,$B35,_xlpm.dep,$H$6:$H$29,_xlpm.zz,$I$6:$I$29,_xlpm.e,IF(_xlpm.x<=$C$5,$C$12*(_xlpm.x-_xlpm.dep)/_xlpm.x,$C$13*(_xlpm.x-_xlpm.dep)/(_xlpm.x-3*$C$5/7))/$C$14,_xlpm.s,(_xlpm.e>=1)*1+(_xlpm.e<=-1)*(-1)+(ABS(_xlpm.e)<1)*_xlpm.e,SUMPRODUCT(_xlpm.s,_xlpm.zz)/COUNT(_xlpm.zz)/$C$5)} -> 2.3684758e-17 | K35: =IFERROR(($C$15-F35)/I35,"") -> -0.19009108 | L35: =IF(AND(ISNUMBER(K35),N(K35)>0),H35+K35*J35,"") | M35: =IF(ISNUMBER(L35),ABS(L35-$C$16),1000000000) -> 1000000000
A36: =A35+0.01 -> 0.08 | B36: =A36*$C$5 -> 48 | C36: =MIN(0.8*B36,$C$5) -> 38.4 | D36: =ACOS(MAX(-1,($C$7-C36)/$C$7)) -> 0.511523 | E36: =$C$7^2*(D36-SIN(D36)*COS(D36)) -> 7620.6494 | F36: =E36/$C$9 -> 0.026952534 | G36: =IF(E36>0,2*$C$7^3*SIN(D36)^3/(3*E36),0) -> 277.04751 | H36: =F36*G36/$C$5 -> 0.01244522 | I36: {=_xlfn.LET(_xlpm.x,$B36,_xlpm.dep,$H$6:$H$29,_xlpm.e,IF(_xlpm.x<=$C$5,$C$12*(_xlpm.x-_xlpm.dep)/_xlpm.x,$C$13*(_xlpm.x-_xlpm.dep)/(_xlpm.x-3*$C$5/7))/$C$14,_xlpm.s,(_xlpm.e>=1)*1+(_xlpm.e<=-1)*(-1)+(ABS(_xlpm.e)<1)*_xlpm.e,AVERAGE(_xlpm.s))} -> -0.98907986 | J36: {=_xlfn.LET(_xlpm.x,$B36,_xlpm.dep,$H$6:$H$29,_xlpm.zz,$I$6:$I$29,_xlpm.e,IF(_xlpm.x<=$C$5,$C$12*(_xlpm.x-_xlpm.dep)/_xlpm.x,$C$13*(_xlpm.x-_xlpm.dep)/(_xlpm.x-3*$C$5/7))/$C$14,_xlpm.s,(_xlpm.e>=1)*1+(_xlpm.e<=-1)*(-1)+(ABS(_xlpm.e)<1)*_xlpm.e,SUMPRODUCT(_xlpm.s,_xlpm.zz)/COUNT(_xlpm.zz)/$C$5)} -> 0.0041860532 | K36: =IFERROR(($C$15-F36)/I36,"") -> -0.18729939 | L36: =IF(AND(ISNUMBER(K36),N(K36)>0),H36+K36*J36,"") | M36: =IF(ISNUMBER(L36),ABS(L36-$C$16),1000000000) -> 1000000000
A37: =A36+0.01 -> 0.09 | B37: =A37*$C$5 -> 54 | C37: =MIN(0.8*B37,$C$5) -> 43.2 | D37: =ACOS(MAX(-1,($C$7-C37)/$C$7)) -> 0.54331425 | E37: =$C$7^2*(D37-SIN(D37)*COS(D37)) -> 9070.465 | F37: =E37/$C$9 -> 0.032080207 | G37: =IF(E37>0,2*$C$7^3*SIN(D37)^3/(3*E37),0) -> 274.19129 | H37: =F37*G37/$C$5 -> 0.014660189 | I37: {=_xlfn.LET(_xlpm.x,$B37,_xlpm.dep,$H$6:$H$29,_xlpm.e,IF(_xlpm.x<=$C$5,$C$12*(_xlpm.x-_xlpm.dep)/_xlpm.x,$C$13*(_xlpm.x-_xlpm.dep)/(_xlpm.x-3*$C$5/7))/$C$14,_xlpm.s,(_xlpm.e>=1)*1+(_xlpm.e<=-1)*(-1)+(ABS(_xlpm.e)<1)*_xlpm.e,AVERAGE(_xlpm.s))} -> -0.95410134 | J37: {=_xlfn.LET(_xlpm.x,$B37,_xlpm.dep,$H$6:$H$29,_xlpm.zz,$I$6:$I$29,_xlpm.e,IF(_xlpm.x<=$C$5,$C$12*(_xlpm.x-_xlpm.dep)/_xlpm.x,$C$13*(_xlpm.x-_xlpm.dep)/(_xlpm.x-3*$C$5/7))/$C$14,_xlpm.s,(_xlpm.e>=1)*1+(_xlpm.e<=-1)*(-1)+(ABS(_xlpm.e)<1)*_xlpm.e,SUMPRODUCT(_xlpm.s,_xlpm.zz)/COUNT(_xlpm.zz)/$C$5)} -> 0.017279587 | K37: =IFERROR(($C$15-F37)/I37,"") -> -0.18879167 | L37: =IF(AND(ISNUMBER(K37),N(K37)>0),H37+K37*J37,"") | M37: =IF(ISNUMBER(L37),ABS(L37-$C$16),1000000000) -> 1000000000
A38: =A37+0.01 -> 0.1 | B38: =A38*$C$5 -> 60 | C38: =MIN(0.8*B38,$C$5) -> 48 | D38: =ACOS(MAX(-1,($C$7-C38)/$C$7)) -> 0.5735131 | E38: =$C$7^2*(D38-SIN(D38)*COS(D38)) -> 10596.648 | F38: =E38/$C$9 -> 0.037477975 | G38: =IF(E38>0,2*$C$7^3*SIN(D38)^3/(3*E38),0) -> 271.33806 | H38: =F38*G38/$C$5 -> 0.016948668 | I38: {=_xlfn.LET(_xlpm.x,$B38,_xlpm.dep,$H$6:$H$29,_xlpm.e,IF(_xlpm.x<=$C$5,$C$12*(_xlpm.x-_xlpm.dep)/_xlpm.x,$C$13*(_xlpm.x-_xlpm.dep)/(_xlpm.x-3*$C$5/7))/$C$14,_xlpm.s,(_xlpm.e>=1)*1+(_xlpm.e<=-1)*(-1)+(ABS(_xlpm.e)<1)*_xlpm.e,AVERAGE(_xlpm.s))} -> -0.9260662 | J38: {=_xlfn.LET(_xlpm.x,$B38,_xlpm.dep,$H$6:$H$29,_xlpm.zz,$I$6:$I$29,_xlpm.e,IF(_xlpm.x<=$C$5,$C$12*(_xlpm.x-_xlpm.dep)/_xlpm.x,$C$13*(_xlpm.x-_xlpm.dep)/(_xlpm.x-3*$C$5/7))/$C$14,_xlpm.s,(_xlpm.e>=1)*1+(_xlpm.e<=-1)*(-1)+(ABS(_xlpm.e)<1)*_xlpm.e,SUMPRODUCT(_xlpm.s,_xlpm.zz)/COUNT(_xlpm.zz)/$C$5)} -> 0.027773785 | K38: =IFERROR(($C$15-F38)/I38,"") -> -0.18867832 | L38: =IF(AND(ISNUMBER(K38),N(K38)>0),H38+K38*J38,"") | M38: =IF(ISNUMBER(L38),ABS(L38-$C$16),1000000000) -> 1000000000
A39: =A38+0.01 -> 0.11 | B39: =A39*$C$5 -> 66 | C39: =MIN(0.8*B39,$C$5) -> 52.8 | D39: =ACOS(MAX(-1,($C$7-C39)/$C$7)) -> 0.60236134 | E39: =$C$7^2*(D39-SIN(D39)*COS(D39)) -> 12194.221 | F39: =E39/$C$9 -> 0.043128236 | G39: =IF(E39>0,2*$C$7^3*SIN(D39)^3/(3*E39),0) -> 268.48788 | H39: =F39*G39/$C$5 -> 0.019299014 | I39: {=_xlfn.LET(_xlpm.x,$B39,_xlpm.dep,$H$6:$H$29,_xlpm.e,IF(_xlpm.x<=$C$5,$C$12*(_xlpm.x-_xlpm.dep)/_xlpm.x,$C$13*(_xlpm.x-_xlpm.dep)/(_xlpm.x-3*$C$5/7))/$C$14,_xlpm.s,(_xlpm.e>=1)*1+(_xlpm.e<=-1)*(-1)+(ABS(_xlpm.e)<1)*_xlpm.e,AVERAGE(_xlpm.s))} -> -0.89056624 | J39: {=_xlfn.LET(_xlpm.x,$B39,_xlpm.dep,$H$6:$H$29,_xlpm.zz,$I$6:$I$29,_xlpm.e,IF(_xlpm.x<=$C$5,$C$12*(_xlpm.x-_xlpm.dep)/_xlpm.x,$C$13*(_xlpm.x-_xlpm.dep)/(_xlpm.x-3*$C$5/7))/$C$14,_xlpm.s,(_xlpm.e>=1)*1+(_xlpm.e<=-1)*(-1)+(ABS(_xlpm.e)<1)*_xlpm.e,SUMPRODUCT(_xlpm.s,_xlpm.zz)/COUNT(_xlpm.zz)/$C$5)} -> 0.040530278 | K39: =IFERROR(($C$15-F39)/I39,"") -> -0.18985489 | L39: =IF(AND(ISNUMBER(K39),N(K39)>0),H39+K39*J39,"") | M39: =IF(ISNUMBER(L39),ABS(L39-$C$16),1000000000) -> 1000000000
A40: =A39+0.01 -> 0.12 | B40: =A40*$C$5 -> 72 | C40: =MIN(0.8*B40,$C$5) -> 57.6 | D40: =ACOS(MAX(-1,($C$7-C40)/$C$7)) -> 0.63004669 | E40: =$C$7^2*(D40-SIN(D40)*COS(D40)) -> 13858.852 | F40: =E40/$C$9 -> 0.049015662 | G40: =IF(E40>0,2*$C$7^3*SIN(D40)^3/(3*E40),0) -> 265.64077 | H40: =F40*G40/$C$5 -> 0.02170093 | I40: {=_xlfn.LET(_xlpm.x,$B40,_xlpm.dep,$H$6:$H$29,_xlpm.e,IF(_xlpm.x<=$C$5,$C$12*(_xlpm.x-_xlpm.dep)/_xlpm.x,$C$13*(_xlpm.x-_xlpm.dep)/(_xlpm.x-3*$C$5/7))/$C$14,_xlpm.s,(_xlpm.e>=1)*1+(_xlpm.e<=-1)*(-1)+(ABS(_xlpm.e)<1)*_xlpm.e,AVERAGE(_xlpm.s))} -> -0.85437322 | J40: {=_xlfn.LET(_xlpm.x,$B40,_xlpm.dep,$H$6:$H$29,_xlpm.zz,$I$6:$I$29,_xlpm.e,IF(_xlpm.x<=$C$5,$C$12*(_xlpm.x-_xlpm.dep)/_xlpm.x,$C$13*(_xlpm.x-_xlpm.dep)/(_xlpm.x-3*$C$5/7))/$C$14,_xlpm.s,(_xlpm.e>=1)*1+(_xlpm.e<=-1)*(-1)+(ABS(_xlpm.e)<1)*_xlpm.e,SUMPRODUCT(_xlpm.s,_xlpm.zz)/COUNT(_xlpm.zz)/$C$5)} -> 0.053354957 | K40: =IFERROR(($C$15-F40)/I40,"") -> -0.19100661 | L40: =IF(AND(ISNUMBER(K40),N(K40)>0),H40+K40*J40,"") | M40: =IF(ISNUMBER(L40),ABS(L40-$C$16),1000000000) -> 1000000000
A41: =A40+0.01 -> 0.13 | B41: =A41*$C$5 -> 78 | C41: =MIN(0.8*B41,$C$5) -> 62.4 | D41: =ACOS(MAX(-1,($C$7-C41)/$C$7)) -> 0.65671836 | E41: =$C$7^2*(D41-SIN(D41)*COS(D41)) -> 15586.71 | F41: =E41/$C$9 -> 0.055126708 | G41: =IF(E41>0,2*$C$7^3*SIN(D41)^3/(3*E41),0) -> 262.7968 | H41: =F41*G41/$C$5 -> 0.024145204 | I41: {=_xlfn.LET(_xlpm.x,$B41,_xlpm.dep,$H$6:$H$29,_xlpm.e,IF(_xlpm.x<=$C$5,$C$12*(_xlpm.x-_xlpm.dep)/_xlpm.x,$C$13*(_xlpm.x-_xlpm.dep)/(_xlpm.x-3*$C$5/7))/$C$14,_xlpm.s,(_xlpm.e>=1)*1+(_xlpm.e<=-1)*(-1)+(ABS(_xlpm.e)<1)*_xlpm.e,AVERAGE(_xlpm.s))} -> -0.82374835 | J41: {=_xlfn.LET(_xlpm.x,$B41,_xlpm.dep,$H$6:$H$29,_xlpm.zz,$I$6:$I$29,_xlpm.e,IF(_xlpm.x<=$C$5,$C$12*(_xlpm.x-_xlpm.dep)/_xlpm.x,$C$13*(_xlpm.x-_xlpm.dep)/(_xlpm.x-3*$C$5/7))/$C$14,_xlpm.s,(_xlpm.e>=1)*1+(_xlpm.e<=-1)*(-1)+(ABS(_xlpm.e)<1)*_xlpm.e,SUMPRODUCT(_xlpm.s,_xlpm.zz)/COUNT(_xlpm.zz)/$C$5)} -> 0.064206609 | K41: =IFERROR(($C$15-F41)/I41,"") -> -0.19068916 | L41: =IF(AND(ISNUMBER(K41),N(K41)>0),H41+K41*J41,"") | M41: =IF(ISNUMBER(L41),ABS(L41-$C$16),1000000000) -> 1000000000
A42: =A41+0.01 -> 0.14 | B42: =A42*$C$5 -> 84 | C42: =MIN(0.8*B42,$C$5) -> 67.2 | D42: =ACOS(MAX(-1,($C$7-C42)/$C$7)) -> 0.68249732 | E42: =$C$7^2*(D42-SIN(D42)*COS(D42)) -> 17374.372 | F42: =E42/$C$9 -> 0.061449272 | G42: =IF(E42>0,2*$C$7^3*SIN(D42)^3/(3*E42),0) -> 259.956 | H42: =F42*G42/$C$5 -> 0.026623512 | I42: {=_xlfn.LET(_xlpm.x,$B42,_xlpm.dep,$H$6:$H$29,_xlpm.e,IF(_xlpm.x<=$C$5,$C$12*(_xlpm.x-_xlpm.dep)/_xlpm.x,$C$13*(_xlpm.x-_xlpm.dep)/(_xlpm.x-3*$C$5/7))/$C$14,_xlpm.s,(_xlpm.e>=1)*1+(_xlpm.e<=-1)*(-1)+(ABS(_xlpm.e)<1)*_xlpm.e,AVERAGE(_xlpm.s))} -> -0.79749847 | J42: {=_xlfn.LET(_xlpm.x,$B42,_xlpm.dep,$H$6:$H$29,_xlpm.zz,$I$6:$I$29,_xlpm.e,IF(_xlpm.x<=$C$5,$C$12*(_xlpm.x-_xlpm.dep)/_xlpm.x,$C$13*(_xlpm.x-_xlpm.dep)/(_xlpm.x-3*$C$5/7))/$C$14,_xlpm.s,(_xlpm.e>=1)*1+(_xlpm.e<=-1)*(-1)+(ABS(_xlpm.e)<1)*_xlpm.e,SUMPRODUCT(_xlpm.s,_xlpm.zz)/COUNT(_xlpm.zz)/$C$5)} -> 0.073508026 | K42: =IFERROR(($C$15-F42)/I42,"") -> -0.18903775 | L42: =IF(AND(ISNUMBER(K42),N(K42)>0),H42+K42*J42,"") | M42: =IF(ISNUMBER(L42),ABS(L42-$C$16),1000000000) -> 1000000000
A43: =A42+0.01 -> 0.15 | B43: =A43*$C$5 -> 90 | C43: =MIN(0.8*B43,$C$5) -> 72 | D43: =ACOS(MAX(-1,($C$7-C43)/$C$7)) -> 0.70748321 | E43: =$C$7^2*(D43-SIN(D43)*COS(D43)) -> 19218.751 | F43: =E43/$C$9 -> 0.067972427 | G43: =IF(E43>0,2*$C$7^3*SIN(D43)^3/(3*E43),0) -> 257.11843 | H43: =F43*G43/$C$5 -> 0.029128273 | I43: {=_xlfn.LET(_xlpm.x,$B43,_xlpm.dep,$H$6:$H$29,_xlpm.e,IF(_xlpm.x<=$C$5,$C$12*(_xlpm.x-_xlpm.dep)/_xlpm.x,$C$13*(_xlpm.x-_xlpm.dep)/(_xlpm.x-3*$C$5/7))/$C$14,_xlpm.s,(_xlpm.e>=1)*1+(_xlpm.e<=-1)*(-1)+(ABS(_xlpm.e)<1)*_xlpm.e,AVERAGE(_xlpm.s))} -> -0.76202483 | J43: {=_xlfn.LET(_xlpm.x,$B43,_xlpm.dep,$H$6:$H$29,_xlpm.zz,$I$6:$I$29,_xlpm.e,IF(_xlpm.x<=$C$5,$C$12*(_xlpm.x-_xlpm.dep)/_xlpm.x,$C$13*(_xlpm.x-_xlpm.dep)/(_xlpm.x-3*$C$5/7))/$C$14,_xlpm.s,(_xlpm.e>=1)*1+(_xlpm.e<=-1)*(-1)+(ABS(_xlpm.e)<1)*_xlpm.e,SUMPRODUCT(_xlpm.s,_xlpm.zz)/COUNT(_xlpm.zz)/$C$5)} -> 0.08501812 | K43: =IFERROR(($C$15-F43)/I43,"") -> -0.18927751 | L43: =IF(AND(ISNUMBER(K43),N(K43)>0),H43+K43*J43,"") | M43: =IF(ISNUMBER(L43),ABS(L43-$C$16),1000000000) -> 1000000000
A44: =A43+0.01 -> 0.16 | B44: =A44*$C$5 -> 96 | C44: =MIN(0.8*B44,$C$5) -> 76.8 | D44: =ACOS(MAX(-1,($C$7-C44)/$C$7)) -> 0.73175934 | E44: =$C$7^2*(D44-SIN(D44)*COS(D44)) -> 21117.033 | F44: =E44/$C$9 -> 0.074686228 | G44: =IF(E44>0,2*$C$7^3*SIN(D44)^3/(3*E44),0) -> 254.28414 | H44: =F44*G44/$C$5 -> 0.031652538 | I44: {=_xlfn.LET(_xlpm.x,$B44,_xlpm.dep,$H$6:$H$29,_xlpm.e,IF(_xlpm.x<=$C$5,$C$12*(_xlpm.x-_xlpm.dep)/_xlpm.x,$C$13*(_xlpm.x-_xlpm.dep)/(_xlpm.x-3*$C$5/7))/$C$14,_xlpm.s,(_xlpm.e>=1)*1+(_xlpm.e<=-1)*(-1)+(ABS(_xlpm.e)<1)*_xlpm.e,AVERAGE(_xlpm.s))} -> -0.72932015 | J44: {=_xlfn.LET(_xlpm.x,$B44,_xlpm.dep,$H$6:$H$29,_xlpm.zz,$I$6:$I$29,_xlpm.e,IF(_xlpm.x<=$C$5,$C$12*(_xlpm.x-_xlpm.dep)/_xlpm.x,$C$13*(_xlpm.x-_xlpm.dep)/(_xlpm.x-3*$C$5/7))/$C$14,_xlpm.s,(_xlpm.e>=1)*1+(_xlpm.e<=-1)*(-1)+(ABS(_xlpm.e)<1)*_xlpm.e,SUMPRODUCT(_xlpm.s,_xlpm.zz)/COUNT(_xlpm.zz)/$C$5)} -> 0.095540828 | K44: =IFERROR(($C$15-F44)/I44,"") -> -0.18855966 | L44: =IF(AND(ISNUMBER(K44),N(K44)>0),H44+K44*J44,"") | M44: =IF(ISNUMBER(L44),ABS(L44-$C$16),1000000000) -> 1000000000
A45: =A44+0.01 -> 0.17 | B45: =A45*$C$5 -> 102 | C45: =MIN(0.8*B45,$C$5) -> 81.6 | D45: =ACOS(MAX(-1,($C$7-C45)/$C$7)) -> 0.75539616 | E45: =$C$7^2*(D45-SIN(D45)*COS(D45)) -> 23066.641 | F45: =E45/$C$9 -> 0.081581555 | G45: =IF(E45>0,2*$C$7^3*SIN(D45)^3/(3*E45),0) -> 251.45317 | H45: =F45*G45/$C$5 -> 0.0341899 | I45: {=_xlfn.LET(_xlpm.x,$B45,_xlpm.dep,$H$6:$H$29,_xlpm.e,IF(_xlpm.x<=$C$5,$C$12*(_xlpm.x-_xlpm.dep)/_xlpm.x,$C$13*(_xlpm.x-_xlpm.dep)/(_xlpm.x-3*$C$5/7))/$C$14,_xlpm.s,(_xlpm.e>=1)*1+(_xlpm.e<=-1)*(-1)+(ABS(_xlpm.e)<1)*_xlpm.e,AVERAGE(_xlpm.s))} -> -0.70046309 | J45: {=_xlfn.LET(_xlpm.x,$B45,_xlpm.dep,$H$6:$H$29,_xlpm.zz,$I$6:$I$29,_xlpm.e,IF(_xlpm.x<=$C$5,$C$12*(_xlpm.x-_xlpm.dep)/_xlpm.x,$C$13*(_xlpm.x-_xlpm.dep)/(_xlpm.x-3*$C$5/7))/$C$14,_xlpm.s,(_xlpm.e>=1)*1+(_xlpm.e<=-1)*(-1)+(ABS(_xlpm.e)<1)*_xlpm.e,SUMPRODUCT(_xlpm.s,_xlpm.zz)/COUNT(_xlpm.zz)/$C$5)} -> 0.10482557 | K45: =IFERROR(($C$15-F45)/I45,"") -> -0.18648383 | L45: =IF(AND(ISNUMBER(K45),N(K45)>0),H45+K45*J45,"") | M45: =IF(ISNUMBER(L45),ABS(L45-$C$16),1000000000) -> 1000000000
... A212: =A211+0.01 -> 1.84 | B212: =A212*$C$5 -> 1104 | C212: =MIN(0.8*B212,$C$5) -> 600 | D212: =ACOS(MAX(-1,($C$7-C212)/$C$7)) -> 3.1415927 | E212: =$C$7^2*(D212-SIN(D212)*COS(D212)) -> 282743.34 | F212: =E212/$C$9 -> 1 | G212: =IF(E212>0,2*$C$7^3*SIN(D212)^3/(3*E212),0) -> 1.1707018e-46 | H212: =F212*G212/$C$5 -> 1.9511696e-49 | I212: {=_xlfn.LET(_xlpm.x,$B212,_xlpm.dep,$H$6:$H$29,_xlpm.e,IF(_xlpm.x<=$C$5,$C$12*(_xlpm.x-_xlpm.dep)/_xlpm.x,$C$13*(_xlpm.x-_xlpm.dep)/(_xlpm.x-3*$C$5/7))/$C$14,_xlpm.s,(_xlpm.e>=1)*1+(_xlpm.e<=-1)*(-1)+(ABS(_xlpm.e)<1)*_xlpm.e,AVERAGE(_xlpm.s))} -> 0.84707472 | J212: {=_xlfn.LET(_xlpm.x,$B212,_xlpm.dep,$H$6:$H$29,_xlpm.zz,$I$6:$I$29,_xlpm.e,IF(_xlpm.x<=$C$5,$C$12*(_xlpm.x-_xlpm.dep)/_xlpm.x,$C$13*(_xlpm.x-_xlpm.dep)/(_xlpm.x-3*$C$5/7))/$C$14,_xlpm.s,(_xlpm.e>=1)*1+(_xlpm.e<=-1)*(-1)+(ABS(_xlpm.e)<1)*_xlpm.e,SUMPRODUCT(_xlpm.s,_xlpm.zz)/COUNT(_xlpm.zz)/$C$5)} -> 0.038761978 | K212: =IFERROR(($C$15-F212)/I212,"") -> -0.93001643 | L212: =IF(AND(ISNUMBER(K212),N(K212)>0),H212+K212*J212,"") | M212: =IF(ISNUMBER(L212),ABS(L212-$C$16),1000000000) -> 1000000000

Sheet Viga_DIN
A1: DISEÑO DE VIGA DE HORMIGÓN ARMADO — FLEXIÓN, CORTANTE Y TORSIÓN
A2: DIN EN 1992-1-1:2011 (EC2) + DIN EN 1992-1-1/NA:2013 (Anexo Nacional de Alemania) · Sección rectangular · Método adimensional μ–ξ–ω y sección hueca equivalente para torsión (§6.3) | R2: Contorno X | S2: Contorno Y | T2: Estribo X | U2: Estribo Y | V2: Barras inf X | W2: Barras inf Y | X2: Barras sup X | Y2: Barras sup Y
R3: =0 -> 0 | S3: =0 -> 0 | T3: =C11 -> 50 | U3: =C11 -> 50 | V3: =IF(1<=$C$13,$C$33+(1-1)*($C$9-2*$C$33)/MAX($C$13-1,1),NA()) -> 70 | W3: =IF(1<=$C$13,$C$33,NA()) -> 70 | X3: =$C$33 -> 70 | Y3: =$C$10-$C$33 -> 530
A4: 1. DATOS DE ENTRADA (celdas azules = editables) | R4: =C9 -> 3420 | S4: =0 -> 0 | T4: =C9-C11 -> 3370 | U4: =C11 -> 50 | V4: =IF(2<=$C$13,$C$33+(2-1)*($C$9-2*$C$33)/MAX($C$13-1,1),NA()) -> 434.44444 | W4: =IF(2<=$C$13,$C$33,NA()) -> 70 | X4: =$C$9-$C$33 -> 3350 | Y4: =$C$10-$C$33 -> 530
A5: Parámetro | B5: Símbolo | C5: Valor | D5: Unidad | E5: Referencia DIN EN 1992-1-1 / NA | F5: Nota / fórmula | R5: =C9 -> 3420 | S5: =C10 -> 600 | T5: =C9-C11 -> 3370 | U5: =C10-C11 -> 550 | V5: =IF(3<=$C$13,$C$33+(3-1)*($C$9-2*$C$33)/MAX($C$13-1,1),NA()) -> 798.88889 | W5: =IF(3<=$C$13,$C$33,NA()) -> 70
A6: Momento flector de cálculo | B6: M_Ed | C6: 250 | D6: kNm | E6: 6.1 | F6: Combinación de cálculo ELU (EN 1990) | R6: =0 -> 0 | S6: =C10 -> 600 | T6: =C11 -> 50 | U6: =C10-C11 -> 550 | V6: =IF(4<=$C$13,$C$33+(4-1)*($C$9-2*$C$33)/MAX($C$13-1,1),NA()) -> 1163.3333 | W6: =IF(4<=$C$13,$C$33,NA()) -> 70
A7: Esfuerzo cortante de cálculo | B7: V_Ed | C7: 200 | D7: kN | E7: 6.2.1 | R7: =0 -> 0 | S7: =0 -> 0 | T7: =C11 -> 50 | U7: =C11 -> 50 | V7: =IF(5<=$C$13,$C$33+(5-1)*($C$9-2*$C$33)/MAX($C$13-1,1),NA()) -> 1527.7778 | W7: =IF(5<=$C$13,$C$33,NA()) -> 70
A8: Momento torsor de cálculo | B8: T_Ed | C8: 25 | D8: kNm | E8: 6.3.1 | V8: =IF(6<=$C$13,$C$33+(6-1)*($C$9-2*$C$33)/MAX($C$13-1,1),NA()) -> 1892.2222 | W8: =IF(6<=$C$13,$C$33,NA()) -> 70
A9: Ancho de la sección | B9: b | C9: 3420 | D9: mm | E9: — | V9: =IF(7<=$C$13,$C$33+(7-1)*($C$9-2*$C$33)/MAX($C$13-1,1),NA()) -> 2256.6667 | W9: =IF(7<=$C$13,$C$33,NA()) -> 70
A10: Canto total de la sección | B10: h | C10: 600 | D10: mm | E10: — | V10: =IF(8<=$C$13,$C$33+(8-1)*($C$9-2*$C$33)/MAX($C$13-1,1),NA()) -> 2621.1111 | W10: =IF(8<=$C$13,$C$33,NA()) -> 70
A11: Recubrimiento nominal | B11: c_nom | C11: 50 | D11: mm | E11: 4.4.1 / NA Tab. 4.4DE | V11: =IF(9<=$C$13,$C$33+(9-1)*($C$9-2*$C$33)/MAX($C$13-1,1),NA()) -> 2985.5556 | W11: =IF(9<=$C$13,$C$33,NA()) -> 70
A12: Diámetro de barra longitudinal | B12: Ø_l | C12: 20 | D12: mm | E12: — | V12: =IF(10<=$C$13,$C$33+(10-1)*($C$9-2*$C$33)/MAX($C$13-1,1),NA()) -> 3350 | W12: =IF(10<=$C$13,$C$33,NA()) -> 70
A13: Número de barras longitudinales (tracción) | B13: n_l | C13: 10 | D13: — | E13: — | V13: =IF(11<=$C$13,$C$33+(11-1)*($C$9-2*$C$33)/MAX($C$13-1,1),NA()) -> #N/A | W13: =IF(11<=$C$13,$C$33,NA()) -> #N/A
A14: Diámetro del estribo | B14: Ø_w | C14: 10 | D14: mm | E14: 9.2.2 | V14: =IF(12<=$C$13,$C$33+(12-1)*($C$9-2*$C$33)/MAX($C$13-1,1),NA()) -> #N/A | W14: =IF(12<=$C$13,$C$33,NA()) -> #N/A
A15: Número de ramas del estribo (cortante) | B15: n_w | C15: 2 | D15: — | E15: 9.2.2
A16: Resistencia característica del hormigón | B16: f_ck | C16: =_xlfn.XLOOKUP(F16,Aceros_DIN!$A$35:$A$43,Aceros_DIN!$B$35:$B$43) -> 30 | D16: N/mm² | E16: Tab. 3.1 | F16: C30/37
A17: Límite elástico del acero de armar | B17: f_yk | C17: =_xlfn.XLOOKUP(F17,Aceros_DIN!$A$47:$A$49,Aceros_DIN!$B$47:$B$49) -> 500 | D17: N/mm² | E17: 3.2.2 (B500) | F17: B500B
A18: Coef. parcial del hormigón | B18: γ_c | C18: 1.5 | D18: — | E18: Tab. 2.1DE (NA)
A19: Coef. parcial del acero | B19: γ_s | C19: 1.15 | D19: — | E19: Tab. 2.1DE (NA)
A20: Coef. de efecto de larga duración | B20: α_cc | C20: 0.85 | D20: — | E20: NA 3.1.6(1)
A21: cot θ adoptado (0 = automático según NA) | B21: cot θ | C21: 0 | D21: — | E21: NA 6.2.3(2), Gl. (6.7aDE)
A22: Factor de reducción biela (torsión) | B22: ν_T | C22: 0.525 | D22: — | E22: NA 6.3.2(4) | F22: ν para bielas de torsión según NA (≤ C50/60)
A24: 2. MATERIALES
A25: Resistencia de cálculo del hormigón | B25: f_cd | C25: =C20*C16/C18 -> 17 | D25: N/mm² | E25: 3.1.6(1), Gl. (3.15) | F25: f_cd = α_cc·f_ck/γ_c
A26: Resistencia media a tracción | B26: f_ctm | C26: =0.3*C16^(2/3) -> 2.8964682 | D26: N/mm² | E26: Tab. 3.1 | F26: f_ctm = 0,30·f_ck^(2/3) para ≤ C50/60
A27: Resistencia de cálculo a tracción | B27: f_ctd | C27: =0.85*0.7*C26/C18 -> 1.1489324 | D27: N/mm² | E27: 3.1.6(2), Gl. (3.16) | F27: f_ctd = α_ct·f_ctk;0,05/γ_c = 0,85·0,7·f_ctm/γ_c
A28: Resistencia de cálculo del acero | B28: f_yd | C28: =C17/C19 -> 434.78261 | D28: N/mm² | E28: 3.2.7(2), Bild 3.8 | F28: f_yd = f_yk/γ_s
A29: Deformación última del hormigón | B29: ε_cu2 | C29: 0.0035 | D29: — | E29: Tab. 3.1
A30: Deformación de cálculo de fluencia del acero | B30: ε_yd | C30: =C28/200000 -> 0.002173913 | D30: — | E30: 3.2.7(2) | F30: ε_yd = f_yd/E_s ; E_s = 200 000 N/mm²
A32: 3. GEOMETRÍA Y SECCIÓN HUECA EQUIVALENTE (torsión)
A33: Distancia del borde al centro de la armadura | B33: d₁ | C33: =C11+C14+C12/2 -> 70 | D33: mm | E33: 4.4.1 | F33: d₁ = c_nom + Ø_w + Ø_l/2
A34: Canto útil | B34: d | C34: =C10-C33 -> 530 | D34: mm | E34: 6.1 | F34: d = h − d₁
A35: Área de la sección de hormigón | B35: A_c | C35: =C9*C10 -> 2052000 | D35: mm² | E35: — | F35: A_c = b·h
A36: Armadura longitudinal de tracción dispuesta | B36: A_s,disp | C36: =C13*PI()*C12^2/4 -> 3141.5927 | D36: mm² | E36: — | F36: A_s,disp = n_l·π·Ø_l²/4
A37: Perímetro exterior de la sección | B37: u | C37: =2*(C9+C10) -> 8040 | D37: mm | E37: 6.3.2(1) | F37: u = 2·(b+h)
A38: Espesor de pared eficaz | B38: t_ef | C38: =MAX(C35/C37,2*C33) -> 255.22388 | D38: mm | E38: 6.3.2(1) | F38: t_ef = A/u , pero ≥ 2·d₁ (recubrimiento al centro de la barra)
A39: Área encerrada por la línea media | B39: A_k | C39: =(C9-C38)*(C10-C38) -> 1091139.2 | D39: mm² | E39: 6.3.2(1) | F39: A_k = (b−t_ef)·(h−t_ef)
A40: Perímetro de la línea media | B40: u_k | C40: =2*((C9-C38)+(C10-C38)) -> 7019.1045 | D40: mm | E40: 6.3.2(1) | F40: u_k = 2·((b−t_ef)+(h−t_ef))
A41: Brazo mecánico interno (cortante/torsión) | B41: z | C41: =0.9*C34 -> 477 | D41: mm | E41: 6.2.3(1) | F41: z ≈ 0,9·d
A43: 4. DISEÑO A FLEXIÓN — ARMADURA LONGITUDINAL (método μ–ξ–ω)
A44: Momento flector adimensional | B44: μ_Eds | C44: =C6*1000000/(C9*C34^2*C25) -> 0.015307816 | D44: — | E44: 6.1 / 3.1.7(3) | F44: μ_Eds = M_Ed / (b·d²·f_cd)
A45: Profundidad relativa de la fibra neutra | B45: ξ = x/d | C45: =1.25*(1-SQRT(1-2*C44)) -> 0.019283512 | D45: — | E45: Bild 6.1 (bloque rectangular λ=0,8) | F45: ξ = 1,25·(1 − √(1 − 2·μ_Eds))
A46: Límite de profundidad (ductilidad) | B46: ξ_lím | C46: 0.45 | D46: — | E46: NA 5.4 / 9.2.1 | F46: x/d ≤ 0,45 para ≤ C50/60 (sin redistribución)
A47: Verificación ξ ≤ ξ_lím (armadura simple) | B47: — | C47: =IF(C45<=C46,"OK","REVISAR – requiere armadura de compresión") -> OK | D47: — | E47: 9.2.1.1
A48: Brazo mecánico interno (flexión) | B48: z_f | C48: =C34*(1-0.4*C45) -> 525.9119 | D48: mm | E48: 6.1 | F48: z_f = d·(1 − 0,4·ξ)
A49: Armadura de flexión necesaria | B49: A_s,flex | C49: =C6*1000000/(C48*C28) -> 1093.339 | D49: mm² | E49: 6.1 | F49: A_s = M_Ed / (z_f·f_yd)
A50: Armadura mínima de flexión | B50: A_s,min | C50: =MAX(0.26*C26/C17*C9*C34,0.0013*C9*C34) -> 2730.0719 | D50: mm² | E50: 9.2.1.1(1), Gl. (9.1N) | F50: A_s,min = max(0,26·f_ctm/f_yk·b·d ; 0,0013·b·d)
A51: Armadura máxima | B51: A_s,max | C51: =0.04*C35 -> 82080 | D51: mm² | E51: 9.2.1.1(3) | F51: A_s,max = 0,04·A_c
A52: ARMADURA DE FLEXIÓN ADOPTADA | B52: A_s,flex | C52: =MAX(C49,C50) -> 2730.0719 | D52: mm² | E52: 9.2.1.1 | F52: max(A_s,flex ; A_s,min)
A53: Comprobación equivalente por tablas kd (método kd)
A54: Valor de tabla k_d | B54: k_d | C54: =(C34/10)/SQRT(C6*1000/C9) -> 6.1989612 | D54: — | E54: kd-Verfahren (Goris/Schneider) | F54: k_d = d[cm] / √(M_Eds/b[m]) — valor de entrada a la tabla
A55: Valor de tabla k_s (acero) | B55: k_s | C55: =1000/(C56*C28) -> 2.3178787 | D55: — | E55: kd-Verfahren | F55: k_s = 1000/(ζ·f_yd) — equivale a leer k_s en la tabla
A56: Coef. de brazo interno ζ = z/d | B56: ζ | C56: =1-0.4*C45 -> 0.9922866 | D56: — | E56: 6.1 | F56: ζ = 1 − 0,4·ξ = z/d
A57: Profundidad relativa de la fibra neutra | B57: ξ = x/d | C57: =C45 -> 0.019283512 | D57: — | E57: Bild 6.1 | F57: ξ = x/d (mismo valor que la fila de flexión)
A58: Deformación del hormigón (borde comprimido) | B58: ε_c2 | C58: =-MIN(C29*1000,25*C45/(1-C45)) -> -0.49156693 | D58: ‰ | E58: Tab. 3.1 / Bild 6.1 | F58: ε_c2 = −min(3,5‰ ; 25·ξ/(1−ξ)); negativa = acortamiento
A59: Deformación del acero (tracción) | B59: ε_s1 | C59: =MIN(25,C29*1000*(1-C45)/C45) -> 25 | D59: ‰ | E59: NA 3.2.7 (ε_ud = 25‰) | F59: ε_s1 = min(25‰ ; 3,5·(1−ξ)/ξ); pivote acero/hormigón
A60: Profundidad de la fibra neutra | B60: x | C60: =C45*C34 -> 10.220261 | D60: mm | E60: 6.1 | F60: x = ξ·d
A61: Brazo mecánico interno | B61: z | C61: =C48 -> 525.9119 | D61: mm | E61: 6.1 | F61: z = ζ·d (= z_f de la fila de flexión)
A62: Armadura de flexión por tablas kd | B62: A_s,nec | C62: =C55*C6/(C34/10) -> 10.93339 | D62: cm² | E62: kd-Verfahren | F62: A_s = k_s·M_Eds/(d/10) = M_Eds/(z·f_yd) — igual que la fila 49
A64: 5. DISEÑO A CORTANTE (6.2 + Anexo Nacional)
A65: Cuantía geométrica de tracción (≤ 2 %) | B65: ρ_l | C65: =MIN(C36/(C9*C34),0.02) -> 0.0017331969 | D65: — | E65: 6.2.2(1)
A66: Factor de escala | B66: k | C66: =MIN(1+SQRT(200/C34),2) -> 1.6142951 | D66: — | E66: 6.2.2(1) | F66: k = 1 + √(200/d) ≤ 2,0
A67: Coeficiente C_Rd,c | B67: C_Rd,c | C67: =0.15/C18 -> 0.1 | D67: — | E67: NA 6.2.2(1): 0,15/γ_c
A68: Valor mínimo v_min | B68: v_min | C68: =IF(C34<=600,0.0525,0.0375)*C66^1.5*SQRT(C16) -> 0.58978582 | D68: N/mm² | E68: NA 6.2.2(1), Gl. (6.3aDE) | F68: κ₁ = 0,0525 (d ≤ 600) ; 0,0375 (d ≥ 800)
A69: Cortante resistente sin armadura | B69: V_Rd,c | C69: =MAX(C67*C66*(100*C65*C16)^(1/3),C68)*C9*C34/1000 -> 1069.0458 | D69: kN | E69: 6.2.2(1), Gl. (6.2a)/(6.2b)
A70: ¿Requiere armadura de cortante? | B70: — | C70: =IF(C7>C69,"SÍ (V_Ed > V_Rd,c)","NO (V_Ed ≤ V_Rd,c)") -> NO (V_Ed ≤ V_Rd,c) | D70: — | E70: 6.2.1(3)
A71: Contribución del hormigón al cortante | B71: V_Rd,cc | C71: =0.5*0.48*C16^(1/3)*C9*C41/1000 -> 1216.5486 | D71: kN | E71: NA 6.2.3(2), Gl. (6.7bDE) | F71: V_Rd,cc = 0,5·0,48·f_ck^(1/3)·b·z (σ_cd = 0)
A72: Inclinación de biela calculada (1,0–3,0) | B72: cot θ_cálc | C72: =IF(C7=0,1,MIN(MAX(1.2/(1-C71/C7),1),3)) -> 1 | D72: — | E72: NA 6.2.3(2), Gl. (6.7aDE)
A73: Inclinación de biela adoptada | B73: cot θ | C73: =IF(C21>0,C21,C72) -> 1 | D73: — | E73: NA 6.2.3(2) | F73: Usa el valor de la fila 21 si > 0; en caso contrario el automático
A74: Factor de reducción de la biela (cortante) | B74: ν₁ | C74: 0.75 | D74: — | E74: NA 6.2.3(3): ν₁ = 0,75 (≤ C50/60)
A75: Cortante máximo (rotura de biela) | B75: V_Rd,max | C75: =C9*C41*C74*C25/(C73+1/C73)/1000 -> 10399.792 | D75: kN | E75: 6.2.3(3), Gl. (6.9) | F75: V_Rd,max = b·z·ν₁·f_cd / (cotθ + tanθ)
A76: Verificación V_Ed ≤ V_Rd,max | B76: — | C76: =IF(C7<=C75,"OK","NO CUMPLE – aumentar b o f_ck") -> OK | D76: — | E76: 6.2.3(3)
A77: Armadura de cortante necesaria | B77: a_sw,V | C77: =C7*1000000/(C41*C28*C73) -> 964.36059 | D77: mm²/m | E77: 6.2.3(3), Gl. (6.8) | F77: a_sw = V_Ed / (z·f_yd·cotθ) — total de ramas
A78: Cuantía mínima de cortante | B78: ρ_w,min | C78: =0.16*C26/C17 -> 0.00092686981 | D78: — | E78: NA 9.2.2(5), Gl. (9.5aDE) | F78: ρ_w,min = 0,16·f_ctm/f_yk
A79: Armadura mínima de cortante | B79: a_sw,min | C79: =C78*C9*1000 -> 3169.8947 | D79: mm²/m | E79: 9.2.2(5) | F79: a_sw,min = ρ_w,min·b_w (estribos verticales)
A80: ARMADURA DE CORTANTE ADOPTADA | B80: a_sw,V | C80: =MAX(C77,C79) -> 3169.8947 | D80: mm²/m | E80: 9.2.2 | F80: max(a_sw,V ; a_sw,min)
A82: 6. DISEÑO A TORSIÓN (6.3 — sección hueca equivalente)
A83: Tensión tangencial de torsión | B83: τ_t | C83: =C8*1000000/(2*C39*C38) -> 0.044885755 | D83: N/mm² | E83: 6.3.2(1), Gl. (6.26) | F83: τ_t·t_ef = T_Ed/(2·A_k)
A84: Momento torsor de fisuración | B84: T_Rd,c | C84: =2*C39*C38*C27/1000000 -> 639.92037 | D84: kNm | E84: 6.3.2(5) | F84: T_Rd,c = 2·A_k·t_ef·f_ctd
A85: ¿Requiere armadura de torsión? | B85: — | C85: =IF(C8/C84+C7/C69<=1,"NO (arm. mínima)","SÍ") -> NO (arm. mínima) | D85: — | E85: 6.3.2(5), Gl. (6.31) | F85: Mínima si T_Ed/T_Rd,c + V_Ed/V_Rd,c ≤ 1
A86: Torsión máxima (rotura de biela) | B86: T_Rd,max | C86: =2*C22*C25*C39*C38/(C73+1/C73)/1000000 -> 2485.4767 | D86: kNm | E86: 6.3.2(4), Gl. (6.30) | F86: T_Rd,max = 2·ν_T·f_cd·A_k·t_ef·sinθ·cosθ
A87: Verificación T_Ed ≤ T_Rd,max | B87: — | C87: =IF(C8<=C86,"OK","NO CUMPLE – aumentar sección o f_ck") -> OK | D87: — | E87: 6.3.2(4)
A88: Armadura transversal de torsión (por rama) | B88: a_sw,T | C88: =C8*1000000000/(2*C39*C28*C73) -> 26.348608 | D88: mm²/m | E88: 6.3.2(2), Gl. (6.28) | F88: a_sw,T = T_Ed / (2·A_k·f_yd·cotθ) — una rama del cerco perimetral
A89: Armadura longitudinal de torsión (total) | B89: A_sl,T | C89: =C8*1000000*C73*C40/(2*C39*C28) -> 184.94363 | D89: mm² | E89: 6.3.2(3), Gl. (6.28) | F89: A_sl = T_Ed·cotθ·u_k / (2·A_k·f_yd) — distribuida en el perímetro
A91: 7. INTERACCIÓN CORTANTE + TORSIÓN Y ARMADO COMBINADO
A92: Índice de interacción de bielas (V+T) | B92: — | C92: =C8/C86+C7/C75 -> 0.029289585 | D92: — | E92: 6.3.2(4), Gl. (6.29) | F92: T_Ed/T_Rd,max + V_Ed/V_Rd,max ≤ 1,0
A93: Verificación interacción de bielas | B93: — | C93: =IF(C92<=1,"OK","NO CUMPLE – reducir cotθ o aumentar sección") -> OK | D93: — | E93: 6.3.2(4)
A94: Área de una rama del estribo | B94: A_rama | C94: =PI()*C14^2/4 -> 78.539816 | D94: mm² | E94: — | F94: A_rama = π·Ø_w²/4
A95: Armadura transversal combinada (rama exterior) | B95: a_sw,tot | C95: =C80/C15+C88 -> 1611.296 | D95: mm²/m | E95: 6.3.2(2) | F95: a_sw,tot = a_sw,V/n_w + a_sw,T (cortante repartido + torsión)
A96: Separación necesaria de estribos | B96: s_nec | C96: =C94*1000/C95 -> 48.743258 | D96: mm | E96: — | F96: s = A_rama·1000 / a_sw,tot
A97: Separación máxima constructiva | B97: s_max | C97: =MIN(0.75*C34,300,C40/8) -> 300 | D97: mm | E97: 9.2.2(6) / 9.2.3(3) | F97: s_max = min(0,75·d ; 300 ; u_k/8) — el límite de torsión u_k/8 suele regir
A98: SEPARACIÓN DE ESTRIBOS ADOPTADA | B98: s | C98: =MIN(C96,C97) -> 48.743258 | D98: mm | F98: ="Estribo cerrado Ø"&C14&" c/"&FLOOR(C98,10)&" mm" -> Estribo cerrado Ø10 c/40 mm
A99: Armadura long. de torsión en cara inferior | B99: A_sl,T,inf | C99: =C89*(C9-C38)/C40 -> 83.387446 | D99: mm² | E99: 6.3.2(3) | F99: Fracción de A_sl,T proporcional al ancho (b−t_ef)/u_k
A100: ARMADURA LONGITUDINAL INFERIOR TOTAL | B100: A_s,inf | C100: =C52+C99 -> 2813.4593 | D100: mm² | E100: 6.3.2 / 9.2.1 | F100: A_s,inf = A_s,flex + A_sl,T,inf
A102: 8. RESUMEN Y VERIFICACIONES
A103: Esfuerzos de cálculo | C103: ="M_Ed = "&C6&" kNm / V_Ed = "&C7&" kN / T_Ed = "&C8&" kNm" -> M_Ed = 250 kNm / V_Ed = 200 kN / T_Ed = 25 kNm
A104: Sección y materiales | C104: ="b/h = "&C9&"/"&C10&" mm · C"&C16&" · B"&C17&" · c_nom = "&C11&" mm" -> b/h = 3420/600 mm · C30 · B500 · c_nom = 50 mm
A105: Armadura longitudinal inferior | C105: ="necesaria "&ROUND(C100,0)&" mm² → dispuesta "&C13&"Ø"&C12&" = "&ROUND(C36,0)&" mm²" -> necesaria 2813 mm² → dispuesta 10Ø20 = 3142 mm²
A106: Estribos (cortante + torsión) | C106: =F98 -> Estribo cerrado Ø10 c/40 mm
A107: Armadura long. de torsión (total) | C107: =ROUND(C89,0)&" mm² distribuida en el perímetro (mín. 1 barra por esquina)" -> 185 mm² distribuida en el perímetro (mín. 1 barra por esquina)
...

Sheet Viga_2025
A1: DISEÑO DE VIGA DE HORMIGÓN ARMADO — FLEXIÓN, CORTANTE Y TORSIÓN
A2: DIN EN 1992-1-1:2025 (EC2) + DIN EN 1992-1-1/NA1:2025 · Sección rectangular · método μ-ξ-ω y cajón hueco equivalente para torsión (§8.3) | R2: Contorno X | S2: Contorno Y | T2: Estribo X | U2: Estribo Y | V2: Barras inf X | W2: Barras inf Y | X2: Barras sup X | Y2: Barras sup Y
R3: =0 -> 0 | S3: =0 -> 0 | T3: =C11 -> 50 | U3: =C11 -> 50 | V3: =IF(1<=$C$13,$C$33+(1-1)*($C$9-2*$C$33)/MAX($C$13-1,1),NA()) -> 70 | W3: =IF(1<=$C$13,$C$33,NA()) -> 70 | X3: =$C$33 -> 70 | Y3: =$C$10-$C$33 -> 530
A4: 1. DATOS DE ENTRADA (celdas azules = editables) | R4: =C9 -> 3420 | S4: =0 -> 0 | T4: =C9-C11 -> 3370 | U4: =C11 -> 50 | V4: =IF(2<=$C$13,$C$33+(2-1)*($C$9-2*$C$33)/MAX($C$13-1,1),NA()) -> 434.44444 | W4: =IF(2<=$C$13,$C$33,NA()) -> 70 | X4: =$C$9-$C$33 -> 3350 | Y4: =$C$10-$C$33 -> 530
A5: Parámetro | B5: Símbolo | C5: Valor | D5: Unidad | E5: Referencia DIN EN 1992-1-1 / NA | F5: Nota / fórmula | R5: =C9 -> 3420 | S5: =C10 -> 600 | T5: =C9-C11 -> 3370 | U5: =C10-C11 -> 550 | V5: =IF(3<=$C$13,$C$33+(3-1)*($C$9-2*$C$33)/MAX($C$13-1,1),NA()) -> 798.88889 | W5: =IF(3<=$C$13,$C$33,NA()) -> 70
A6: Momento flector de cálculo | B6: M_Ed | C6: 250 | D6: kNm | E6: 6.1 | F6: Combinación de cálculo ELU (EN 1990) | R6: =0 -> 0 | S6: =C10 -> 600 | T6: =C11 -> 50 | U6: =C10-C11 -> 550 | V6: =IF(4<=$C$13,$C$33+(4-1)*($C$9-2*$C$33)/MAX($C$13-1,1),NA()) -> 1163.3333 | W6: =IF(4<=$C$13,$C$33,NA()) -> 70
A7: Esfuerzo cortante de cálculo | B7: V_Ed | C7: 200 | D7: kN | E7: 6.2.1 | R7: =0 -> 0 | S7: =0 -> 0 | T7: =C11 -> 50 | U7: =C11 -> 50 | V7: =IF(5<=$C$13,$C$33+(5-1)*($C$9-2*$C$33)/MAX($C$13-1,1),NA()) -> 1527.7778 | W7: =IF(5<=$C$13,$C$33,NA()) -> 70
A8: Momento torsor de cálculo | B8: T_Ed | C8: 25 | D8: kNm | E8: 6.3.1 | V8: =IF(6<=$C$13,$C$33+(6-1)*($C$9-2*$C$33)/MAX($C$13-1,1),NA()) -> 1892.2222 | W8: =IF(6<=$C$13,$C$33,NA()) -> 70
A9: Ancho de la sección | B9: b | C9: 3420 | D9: mm | E9: — | V9: =IF(7<=$C$13,$C$33+(7-1)*($C$9-2*$C$33)/MAX($C$13-1,1),NA()) -> 2256.6667 | W9: =IF(7<=$C$13,$C$33,NA()) -> 70
A10: Canto total de la sección | B10: h | C10: 600 | D10: mm | E10: — | V10: =IF(8<=$C$13,$C$33+(8-1)*($C$9-2*$C$33)/MAX($C$13-1,1),NA()) -> 2621.1111 | W10: =IF(8<=$C$13,$C$33,NA()) -> 70
A11: Recubrimiento nominal | B11: c_nom | C11: 50 | D11: mm | E11: 4.4.1 / NA Tab. 4.4DE | V11: =IF(9<=$C$13,$C$33+(9-1)*($C$9-2*$C$33)/MAX($C$13-1,1),NA()) -> 2985.5556 | W11: =IF(9<=$C$13,$C$33,NA()) -> 70
A12: Diámetro de barra longitudinal | B12: Ø_l | C12: 20 | D12: mm | E12: — | V12: =IF(10<=$C$13,$C$33+(10-1)*($C$9-2*$C$33)/MAX($C$13-1,1),NA()) -> 3350 | W12: =IF(10<=$C$13,$C$33,NA()) -> 70
A13: Número de barras longitudinales (tracción) | B13: n_l | C13: 10 | D13: — | E13: — | V13: =IF(11<=$C$13,$C$33+(11-1)*($C$9-2*$C$33)/MAX($C$13-1,1),NA()) -> #N/A | W13: =IF(11<=$C$13,$C$33,NA()) -> #N/A
A14: Diámetro del estribo | B14: Ø_w | C14: 10 | D14: mm | E14: 9.2.2 | V14: =IF(12<=$C$13,$C$33+(12-1)*($C$9-2*$C$33)/MAX($C$13-1,1),NA()) -> #N/A | W14: =IF(12<=$C$13,$C$33,NA()) -> #N/A
A15: Número de ramas del estribo (cortante) | B15: n_w | C15: 2 | D15: — | E15: 9.2.2
A16: Resistencia característica del hormigón | B16: f_ck | C16: =_xlfn.XLOOKUP(F16,Aceros_DIN!$A$35:$A$43,Aceros_DIN!$B$35:$B$43) -> 30 | D16: N/mm² | E16: Tab. 3.1 | F16: C30/37
A17: Límite elástico del acero de armar | B17: f_yk | C17: =_xlfn.XLOOKUP(F17,Aceros_DIN!$A$47:$A$49,Aceros_DIN!$B$47:$B$49) -> 500 | D17: N/mm² | E17: 3.2.2 (B500) | F17: B500B
A18: Coef. parcial del hormigón | B18: γ_c | C18: 1.5 | D18: — | E18: Tab. 2.1DE (NA)
A19: Coef. parcial del acero | B19: γ_s | C19: 1.15 | D19: — | E19: Tab. 2.1DE (NA)
A20: Coef. de duración de carga k_tc | B20: k_tc | C20: 1 | D20: — | E20: §5.1.6(1) | F20: k_tc = 1,0 (carga ≥ 3 meses tras hormigonado) ó 0,85 (otros casos)
A21: cot θ adoptado (0 = automático según NA) | B21: cot θ | C21: 0 | D21: — | E21: NA 6.2.3(2), Gl. (6.7aDE)
A22: Factor de reducción de biela (torsión) ν | B22: ν_T | C22: 0.6 | D22: — | E22: §8.3.4(3), Ec. (8.84) | F22: ν = 0,60 para cotθ = 1,0 (Anexo G para otros θ)
A24: 2. MATERIALES
A25: Resistencia de cálculo del hormigón | B25: f_cd | C25: =MIN((40/C16)^(1/3),1)*C20*C16/C18 -> 20 | D25: N/mm² | E25: §5.1.6(1), Ec. (5.3)/(5.4) | F25: f_cd = η_cc·k_tc·f_ck/γ_C ; η_cc=(40/f_ck)^⅓≤1,0 (f_ck,ref=40 MPa)
A26: Resistencia media a tracción | B26: f_ctm | C26: =0.3*C16^(2/3) -> 2.8964682 | D26: N/mm² | E26: Tab. 5.1 | F26: f_ctm = 0,30·f_ck^(2/3) para ≤ C50/60
A27: Resistencia de cálculo a tracción | B27: f_ctd | C27: =C20*0.7*C26/C18 -> 1.3516851 | D27: N/mm² | E27: §5.1.6(1) | F27: f_ctd = k_tc·0,7·f_ctm/γ_C (f_ctk;0,05 = 0,7·f_ctm)
A28: Resistencia de cálculo del acero | B28: f_yd | C28: =C17/C19 -> 434.78261 | D28: N/mm² | E28: §5.2.4, Bild 5.4 | F28: f_yd = f_yk/γ_s
A29: Deformación última del hormigón | B29: ε_cu2 | C29: 0.0035 | D29: — | E29: Tab. 5.1 / §8.1.2
A30: Deformación de cálculo de fluencia del acero | B30: ε_yd | C30: =C28/200000 -> 0.002173913 | D30: — | E30: §5.2.4 | F30: ε_yd = f_yd/E_s ; E_s = 200 000 N/mm²
A32: 3. GEOMETRÍA Y SECCIÓN HUECA EQUIVALENTE (torsión)
A33: Distancia del borde al centro de la armadura | B33: d₁ | C33: =C11+C14+C12/2 -> 70 | D33: mm | E33: 4.4.1 | F33: d₁ = c_nom + Ø_w + Ø_l/2
A34: Canto útil | B34: d | C34: =C10-C33 -> 530 | D34: mm | E34: 6.1 | F34: d = h − d₁
A35: Área de la sección de hormigón | B35: A_c | C35: =C9*C10 -> 2052000 | D35: mm² | E35: — | F35: A_c = b·h
A36: Armadura longitudinal de tracción dispuesta | B36: A_s,disp | C36: =C13*PI()*C12^2/4 -> 3141.5927 | D36: mm² | E36: — | F36: A_s,disp = n_l·π·Ø_l²/4
A37: Perímetro exterior de la sección | B37: u | C37: =2*(C9+C10) -> 8040 | D37: mm | E37: 6.3.2(1) | F37: u = 2·(b+h)
A38: Espesor de pared eficaz | B38: t_ef | C38: =MAX(C35/C37,2*C33) -> 255.22388 | D38: mm | E38: 6.3.2(1) | F38: t_ef = A/u , pero ≥ 2·d₁ (recubrimiento al centro de la barra)
A39: Área encerrada por la línea media | B39: A_k | C39: =(C9-C38)*(C10-C38) -> 1091139.2 | D39: mm² | E39: 6.3.2(1) | F39: A_k = (b−t_ef)·(h−t_ef)
A40: Perímetro de la línea media | B40: u_k | C40: =2*((C9-C38)+(C10-C38)) -> 7019.1045 | D40: mm | E40: 6.3.2(1) | F40: u_k = 2·((b−t_ef)+(h−t_ef))
A41: Brazo mecánico interno (cortante/torsión) | B41: z | C41: =0.9*C34 -> 477 | D41: mm | E41: 6.2.3(1) | F41: z ≈ 0,9·d
A43: 4. DISEÑO A FLEXIÓN — ARMADURA LONGITUDINAL (método μ–ξ–ω)
A44: Momento flector adimensional | B44: μ_Eds | C44: =C6*1000000/(C9*C34^2*C25) -> 0.013011644 | D44: — | E44: §8.1 / §8.1.2 | F44: μ_Eds = M_Ed / (b·d²·f_cd)
A45: Profundidad relativa de la fibra neutra | B45: ξ = x/d | C45: =1.25*(1-SQRT(1-2*C44)) -> 0.016371769 | D45: — | E45: §8.1.2, Bild 8.2 (bloque λ=0,8) | F45: ξ = 1,25·(1 − √(1 − 2·μ_Eds))
A46: Límite de profundidad (ductilidad) | B46: ξ_lím | C46: 0.45 | D46: — | E46: §8.1 (ductilidad x/d) | F46: x/d ≤ 0,45 para ≤ C50/60 (sin redistribución)
A47: Verificación ξ ≤ ξ_lím (armadura simple) | B47: — | C47: =IF(C45<=C46,"OK","REVISAR – requiere armadura de compresión") -> OK | D47: — | E47: §8.1
A48: Brazo mecánico interno (flexión) | B48: z_f | C48: =C34*(1-0.4*C45) -> 526.52919 | D48: mm | E48: §8.1 | F48: z_f = d·(1 − 0,4·ξ)
A49: Armadura de flexión necesaria | B49: A_s,flex | C49: =C6*1000000/(C48*C28) -> 1092.0572 | D49: mm² | E49: §8.1 | F49: A_s = M_Ed / (z_f·f_yd)
A50: Armadura mínima de flexión | B50: A_s,min | C50: =C26*C9*C10^2/6/(C17*0.9*C34) -> 2492.0556 | D50: mm² | E50: §12.2(2), Ec. (12.1) | F50: A_s,min tal que M_R,min ≥ M_cr ; M_cr = f_ctm·b·h²/6 ; z ≈ 0,9d (sección rectangular)
A51: Armadura máxima | B51: A_s,max | C51: =0.04*C35 -> 82080 | D51: mm² | E51: §12.3.1 (A_s,max) | F51: A_s,max = 0,04·A_c
A52: ARMADURA DE FLEXIÓN ADOPTADA | B52: A_s,flex | C52: =MAX(C49,C50) -> 2492.0556 | D52: mm² | E52: §8.1 / §12.2 | F52: max(A_s,flex ; A_s,min)
A53: Comprobación equivalente por tablas kd (método kd)
A54: Valor de tabla k_d | B54: k_d | C54: =(C34/10)/SQRT(C6*1000/C9) -> 6.1989612 | D54: — | E54: kd-Verfahren (Goris/Schneider) | F54: k_d = d[cm] / √(M_Eds/b[m]) — valor de entrada a la tabla
A55: Valor de tabla k_s (acero) | B55: k_s | C55: =1000/(C56*C28) -> 2.3151613 | D55: — | E55: kd-Verfahren | F55: k_s = 1000/(ζ·f_yd) — equivale a leer k_s en la tabla
A56: Coef. de brazo interno ζ = z/d | B56: ζ | C56: =1-0.4*C45 -> 0.99345129 | D56: — | E56: §8.1 | F56: ζ = 1 − 0,4·ξ = z/d
A57: Profundidad relativa de la fibra neutra | B57: ξ = x/d | C57: =C45 -> 0.016371769 | D57: — | E57: Bild 8.2 | F57: ξ = x/d (mismo valor que la fila de flexión)
A58: Deformación del hormigón (borde comprimido) | B58: ε_c2 | C58: =-MIN(C29*1000,25*C45/(1-C45)) -> -0.41610662 | D58: ‰ | E58: Tab. 5.1 / §8.1.2 | F58: ε_c2 = −min(3,5‰ ; 25·ξ/(1−ξ)); negativa = acortamiento
A59: Deformación del acero (tracción) | B59: ε_s1 | C59: =MIN(25,C29*1000*(1-C45)/C45) -> 25 | D59: ‰ | E59: §5.2.4 (ε_ud = 25‰) | F59: ε_s1 = min(25‰ ; 3,5·(1−ξ)/ξ); pivote acero/hormigón
A60: Profundidad de la fibra neutra | B60: x | C60: =C45*C34 -> 8.6770374 | D60: mm | E60: §8.1 | F60: x = ξ·d
A61: Brazo mecánico interno | B61: z | C61: =C48 -> 526.52919 | D61: mm | E61: §8.1 | F61: z = ζ·d (= z_f de la fila de flexión)
A62: Armadura de flexión por tablas kd | B62: A_s,nec | C62: =C55*C6/(C34/10) -> 10.920572 | D62: cm² | E62: kd-Verfahren | F62: A_s = k_s·M_Eds/(d/10) = M_Eds/(z·f_yd) — igual que la fila 49
A64: 5. DISEÑO A CORTANTE (EN 1992-1-1:2025 §8.2 — modelo de tensiones)
A65: Cuantía long. de tracción | B65: ρ_l | C65: =C36/(C9*C34) -> 0.0017331969 | D65: — | E65: §8.2.2, Ec. (8.28) | F65: ρ_l = A_sl/(b_w·d)
A66: Parámetro de árido (rugosidad) | B66: d_dg | C66: 32 | D66: mm | E66: §8.2.1(4) | F66: d_dg = 16 + D_low ≤ 40 mm (D_low = tamaño máx. de árido; aquí 16 mm)
A67: Coef. parcial de cortante | B67: γ_V | C67: 1.4 | D67: — | E67: NA1 Tab. NA.3 (NDP) | F67: γ_V = 1,4 (persistente/transitoria)
A68: Tensión tangencial de cálculo | B68: τ_Ed | C68: =C7*1000/(C9*C41) -> 0.1225986 | D68: N/mm² | E68: §8.2.1(3), Ec. (8.18) | F68: τ_Ed = V_Ed/(b_w·z) ; z = 0,9d
A69: Resistencia mínima a cortante | B69: τ_Rdc,min | C69: =(11/C67)*SQRT(C16/C28*C66/C34) -> 0.50713811 | D69: N/mm² | E69: §8.2.1(4), Ec. (8.20) | F69: τ_Rdc,min = (11/γ_V)·√(f_ck/f_yd·d_dg/d)
A70: Resistencia a cortante sin armadura | B70: τ_Rd,c | C70: =MAX((0.66/C67)*(100*C65*C16*C66/C34)^(1/3),C69) -> 0.50713811 | D70: N/mm² | E70: §8.2.2(2), Ec. (8.27) | F70: τ_Rd,c = (0,66/γ_V)(100ρ_l·f_ck·d_dg/d)^⅓ ≥ τ_Rdc,min
A71: ¿Requiere armadura de cortante? | B71: — | C71: =IF(C68>C70,"SÍ (τ_Ed > τ_Rd,c)","NO (τ_Ed ≤ τ_Rd,c)") -> NO (τ_Ed ≤ τ_Rd,c) | D71: — | E71: §8.2.1(1) | F71: Además, en vigas con d > 500 mm se exige armadura mínima (§12.3)
A72: Inclinación mínima de biela | B72: cot θ_min | C72: 2.5 | D72: — | E72: §8.2.3(4) | F72: cot θ_min = 2,5 (sin axil) ; 3,0 con compresión ≥ 3 MPa
A73: Inclinación de biela adoptada | B73: cot θ | C73: =IF(C21>0,MIN(C21,C72),C72) -> 2.5 | D73: — | E73: §8.2.3(4), Ec. (8.41) | F73: 1 ≤ cot θ ≤ cot θ_min ; usa la fila 21 si > 0
A74: Factor de reducción de biela | B74: ν | C74: 0.5 | D74: — | E74: §8.2.3(6) | F74: ν = 0,5 con cot θ según (4)
A75: Tensión máxima de biela | B75: τ_Rd,max | C75: =C74*C25/(C73+1/C73) -> 3.4482759 | D75: N/mm² | E75: §8.2.3(5), Ec. (8.44) | F75: τ_Rd,max = ν·f_cd/(cot θ + tan θ)
A76: Verificación τ_Ed ≤ τ_Rd,max | B76: — | C76: =IF(C68<=C75,"OK","NO CUMPLE – aumentar b o f_ck") -> OK | D76: — | E76: §8.2.3(5)
A77: Armadura de cortante necesaria | B77: a_sw,V | C77: =C68*C9*1000/(C28*C73) -> 385.74423 | D77: mm²/m | E77: §8.2.3(5), Ec. (8.42) | F77: a_sw = τ_Ed·b_w/(f_ywd·cot θ) — total de ramas
A78: Cuantía mínima de cortante | B78: ρ_w,min | C78: =0.08*SQRT(C16)/C17 -> 0.00087635609 | D78: — | E78: §12.2(4) + NA1 | F78: ρ_w,min = 0,08·√f_ck/f_yk (Ec. 12.4). NA1:2025: clase C no aplica; +60% solo en secciones perfiladas (gegliederte) — no aplica a esta sección maciza.
A79: Armadura mínima de cortante | B79: a_sw,min | C79: =C78*C9*1000 -> 2997.1378 | D79: mm²/m | E79: 9.2.2(5) | F79: a_sw,min = ρ_w,min·b_w
A80: ARMADURA DE CORTANTE ADOPTADA | B80: a_sw,V | C80: =MAX(C77,C79) -> 2997.1378 | D80: mm²/m | E80: 9.2.2 | F80: max(a_sw,V ; a_sw,min)
A82: 6. DISEÑO A TORSIÓN (EN 1992-1-1:2025 §8.3 — cajón hueco equivalente)
A83: Tensión tangencial de torsión | B83: τ_t,Ed | C83: =C8*1000000/(2*C39*C38) -> 0.044885755 | D83: N/mm² | E83: §8.3.2(2) | F83: τ_t = T_Ed/(2·A_k·t_ef)
A84: Momento torsor de fisuración | B84: T_cr | C84: =2*C39*C38*C27/1000000 -> 752.8475 | D84: kNm | E84: §8.3 (≈ f_ctd) | F84: T_cr = 2·A_k·t_ef·f_ctd
A85: ¿Requiere armadura de torsión? | B85: — | C85: =IF(C8<=C84,"NO (arm. mínima)","SÍ") -> NO (arm. mínima) | D85: — | E85: §8.3.1(1) | F85: Si T_Ed ≤ T_cr basta armadura mínima (§12.2/12.3)
A86: Torsión máxima (rotura de biela) | B86: T_Rd,max | C86: =C22*C25/(C73+1/C73)*2*C39*C38/1000000 -> 2304.7017 | D86: kNm | E86: §8.3.4(3), Ec. (8.84) | F86: T_Rd,max = ν·f_cd/(cotθ+tanθ)·2·A_k·t_ef
A87: Verificación T_Ed ≤ T_Rd,max | B87: — | C87: =IF(C8<=C86,"OK","NO CUMPLE – aumentar sección o f_ck") -> OK | D87: — | E87: §8.3.4
A88: Armadura transversal de torsión (por rama) | B88: a_sw,T | C88: =C83*C38*1000/(C73*C28) -> 10.539443 | D88: mm²/m | E88: §8.3.4(2), Ec. (8.82) | F88: a_sw,T = τ_t·t_ef/(cotθ·f_ywd) — una rama del cerco
A89: Armadura longitudinal de torsión (total) | B89: A_sl,T | C89: =C83*C38*C40*C73/C28 -> 462.35908 | D89: mm² | E89: §8.3.4(2), Ec. (8.83) | F89: A_sl = τ_t·t_ef·u_k·cotθ/f_yd — distribuida en el perímetro
A91: 7. INTERACCIÓN CORTANTE + TORSIÓN Y ARMADO COMBINADO (§8.3.6)
A92: Índice de interacción de bielas (V+T) | B92: — | C92: =C8/C86+C68/C75 -> 0.046400985 | D92: — | E92: §8.3.6, Ec. (8.86) | F92: Σ(S_Ed/S_Rd) = T_Ed/T_Rd,max + τ_Ed/τ_Rd,max ≤ 1,0
A93: Verificación interacción de bielas | B93: — | C93: =IF(C92<=1,"OK","NO CUMPLE – reducir cotθ o aumentar sección") -> OK | D93: — | E93: §8.3.6
A94: Área de una rama del estribo | B94: A_rama | C94: =PI()*C14^2/4 -> 78.539816 | D94: mm² | E94: — | F94: A_rama = π·Ø_w²/4
A95: Armadura transversal combinada (rama exterior) | B95: a_sw,tot | C95: =C80/C15+C88 -> 1509.1084 | D95: mm²/m | E95: §8.3.4 / 8.2.3 | F95: a_sw,tot = a_sw,V/n_w + a_sw,T (cortante repartido + torsión)
A96: Separación necesaria de estribos | B96: s_nec | C96: =C94*1000/C95 -> 52.043855 | D96: mm | E96: — | F96: s = A_rama·1000 / a_sw,tot
A97: Separación máxima constructiva | B97: s_max | C97: =MIN(0.75*C34,C40/8,MIN(C9,C10)) -> 397.5 | D97: mm | E97: §12.3.1 Tab. 12.1 (5 y 10) | F97: s_max = min(0,75d·(1+cotα) ; u_k/8 ; min(b,h)) — cortante 0,75d, torsión u_k/8 (sin tope de 300 mm en 2025)
A98: SEPARACIÓN DE ESTRIBOS ADOPTADA | B98: s | C98: =MIN(C96,C97) -> 52.043855 | D98: mm | F98: ="Estribo cerrado Ø"&C14&" c/"&FLOOR(C98,10)&" mm" -> Estribo cerrado Ø10 c/50 mm
A99: Armadura long. de torsión en cara inferior | B99: A_sl,T,inf | C99: =C89*(C9-C38)/C40 -> 208.46861 | D99: mm² | E99: §8.3.4(2) | F99: Fracción de A_sl,T proporcional al ancho (b−t_ef)/u_k
A100: ARMADURA LONGITUDINAL INFERIOR TOTAL | B100: A_s,inf | C100: =C52+C99 -> 2700.5242 | D100: mm² | E100: §12.3 / 8.1 | F100: A_s,inf = A_s,flex + A_sl,T,inf
A102: 8. RESUMEN Y VERIFICACIONES
A103: Esfuerzos de cálculo | C103: ="M_Ed = "&C6&" kNm / V_Ed = "&C7&" kN / T_Ed = "&C8&" kNm" -> M_Ed = 250 kNm / V_Ed = 200 kN / T_Ed = 25 kNm
A104: Sección y materiales | C104: ="b/h = "&C9&"/"&C10&" mm · C"&C16&" · B"&C17&" · c_nom = "&C11&" mm" -> b/h = 3420/600 mm · C30 · B500 · c_nom = 50 mm
A105: Armadura longitudinal inferior | C105: ="necesaria "&ROUND(C100,0)&" mm² → dispuesta "&C13&"Ø"&C12&" = "&ROUND(C36,0)&" mm²" -> necesaria 2701 mm² → dispuesta 10Ø20 = 3142 mm²
A106: Estribos (cortante + torsión) | C106: =F98 -> Estribo cerrado Ø10 c/50 mm
A107: Armadura long. de torsión (total) | C107: =ROUND(C89,0)&" mm² distribuida en el perímetro (mín. 1 barra por esquina)" -> 462 mm² distribuida en el perímetro (mín. 1 barra por esquina)
...

Sheet Pilote_DIN
A1: DISEÑO DEL REFUERZO DE PILOTES — SECCIÓN CIRCULAR DE HORMIGÓN ARMADO
A2: DIN EN 1992-1-1:2011 (EC2) + DIN EN 1992-1-1/NA:2013 (Anexo Nacional alemán) · Disposición constructiva: DIN EN 1536 (pilotes perforados) | Q2: Ángulo | R2: Contorno X | S2: Contorno Y | T2: Espiral X | U2: Espiral Y | V2: Barras X | W2: Barras Y
Q3: =(ROW()-3)*10 -> 0 | R3: =$C$34+$C$34*COS(RADIANS(Q3)) -> 750 | S3: =$C$34+$C$34*SIN(RADIANS(Q3)) -> 375 | T3: =$C$34+($C$34-$C$10)*COS(RADIANS(Q3)) -> 675 | U3: =$C$34+($C$34-$C$10)*SIN(RADIANS(Q3)) -> 375 | V3: =IF(ROW()-2<=$C$11,$C$34+$C$37*COS(RADIANS((ROW()-3)*360/$C$11)),NA()) -> 655 | W3: =IF(ROW()-2<=$C$11,$C$34+$C$37*SIN(RADIANS((ROW()-3)*360/$C$11)),NA()) -> 375
A4: 1. DATOS DE ENTRADA (celdas en azul = editables) | Q4: =(ROW()-3)*10 -> 10 | R4: =$C$34+$C$34*COS(RADIANS(Q4)) -> 744.30291 | S4: =$C$34+$C$34*SIN(RADIANS(Q4)) -> 440.11807 | T4: =$C$34+($C$34-$C$10)*COS(RADIANS(Q4)) -> 670.44233 | U4: =$C$34+($C$34-$C$10)*SIN(RADIANS(Q4)) -> 427.09445 | V4: =IF(ROW()-2<=$C$11,$C$34+$C$37*COS(RADIANS((ROW()-3)*360/$C$11)),NA()) -> 572.9899 | W4: =IF(ROW()-2<=$C$11,$C$34+$C$37*SIN(RADIANS((ROW()-3)*360/$C$11)),NA()) -> 572.9899
A5: Parámetro | B5: Símbolo | C5: Valor | D5: Unidad | E5: Referencia DIN EN 1992-1-1 / NA | F5: Observación | Q5: =(ROW()-3)*10 -> 20 | R5: =$C$34+$C$34*COS(RADIANS(Q5)) -> 727.38473 | S5: =$C$34+$C$34*SIN(RADIANS(Q5)) -> 503.25755 | T5: =$C$34+($C$34-$C$10)*COS(RADIANS(Q5)) -> 656.90779 | U5: =$C$34+($C$34-$C$10)*SIN(RADIANS(Q5)) -> 477.60604 | V5: =IF(ROW()-2<=$C$11,$C$34+$C$37*COS(RADIANS((ROW()-3)*360/$C$11)),NA()) -> 375 | W5: =IF(ROW()-2<=$C$11,$C$34+$C$37*SIN(RADIANS((ROW()-3)*360/$C$11)),NA()) -> 655
A6: Esfuerzo axial de diseño (compresión positiva) | B6: N_Ed | C6: 1000 | D6: kN | E6: 6.1 | F6: Combinación ELU (EN 1990) | Q6: =(ROW()-3)*10 -> 30 | R6: =$C$34+$C$34*COS(RADIANS(Q6)) -> 699.75953 | S6: =$C$34+$C$34*SIN(RADIANS(Q6)) -> 562.5 | T6: =$C$34+($C$34-$C$10)*COS(RADIANS(Q6)) -> 634.80762 | U6: =$C$34+($C$34-$C$10)*SIN(RADIANS(Q6)) -> 525 | V6: =IF(ROW()-2<=$C$11,$C$34+$C$37*COS(RADIANS((ROW()-3)*360/$C$11)),NA()) -> 177.0101 | W6: =IF(ROW()-2<=$C$11,$C$34+$C$37*SIN(RADIANS((ROW()-3)*360/$C$11)),NA()) -> 572.9899
A7: Esfuerzo cortante de diseño | B7: V_Ed | C7: 300 | D7: kN | E7: 6.2.1 | Q7: =(ROW()-3)*10 -> 40 | R7: =$C$34+$C$34*COS(RADIANS(Q7)) -> 662.26667 | S7: =$C$34+$C$34*SIN(RADIANS(Q7)) -> 616.04535 | T7: =$C$34+($C$34-$C$10)*COS(RADIANS(Q7)) -> 604.81333 | U7: =$C$34+($C$34-$C$10)*SIN(RADIANS(Q7)) -> 567.83628 | V7: =IF(ROW()-2<=$C$11,$C$34+$C$37*COS(RADIANS((ROW()-3)*360/$C$11)),NA()) -> 95 | W7: =IF(ROW()-2<=$C$11,$C$34+$C$37*SIN(RADIANS((ROW()-3)*360/$C$11)),NA()) -> 375
A8: Momento de diseño en la sección (1er orden) | B8: M_Ed | C8: 300 | D8: kNm | E8: 6.1 | Q8: =(ROW()-3)*10 -> 50 | R8: =$C$34+$C$34*COS(RADIANS(Q8)) -> 616.04535 | S8: =$C$34+$C$34*SIN(RADIANS(Q8)) -> 662.26667 | T8: =$C$34+($C$34-$C$10)*COS(RADIANS(Q8)) -> 567.83628 | U8: =$C$34+($C$34-$C$10)*SIN(RADIANS(Q8)) -> 604.81333 | V8: =IF(ROW()-2<=$C$11,$C$34+$C$37*COS(RADIANS((ROW()-3)*360/$C$11)),NA()) -> 177.0101 | W8: =IF(ROW()-2<=$C$11,$C$34+$C$37*SIN(RADIANS((ROW()-3)*360/$C$11)),NA()) -> 177.0101
A9: Diámetro del pilote | B9: D = h | C9: 750 | D9: mm | E9: DIN EN 1536, 7.5 | Q9: =(ROW()-3)*10 -> 60 | R9: =$C$34+$C$34*COS(RADIANS(Q9)) -> 562.5 | S9: =$C$34+$C$34*SIN(RADIANS(Q9)) -> 699.75953 | T9: =$C$34+($C$34-$C$10)*COS(RADIANS(Q9)) -> 525 | U9: =$C$34+($C$34-$C$10)*SIN(RADIANS(Q9)) -> 634.80762 | V9: =IF(ROW()-2<=$C$11,$C$34+$C$37*COS(RADIANS((ROW()-3)*360/$C$11)),NA()) -> 375 | W9: =IF(ROW()-2<=$C$11,$C$34+$C$37*SIN(RADIANS((ROW()-3)*360/$C$11)),NA()) -> 95
A10: Recubrimiento nominal | B10: c_nom | C10: 75 | D10: mm | E10: 4.4.1.1 / NA Tab. 4.4DE | Q10: =(ROW()-3)*10 -> 70 | R10: =$C$34+$C$34*COS(RADIANS(Q10)) -> 503.25755 | S10: =$C$34+$C$34*SIN(RADIANS(Q10)) -> 727.38473 | T10: =$C$34+($C$34-$C$10)*COS(RADIANS(Q10)) -> 477.60604 | U10: =$C$34+($C$34-$C$10)*SIN(RADIANS(Q10)) -> 656.90779 | V10: =IF(ROW()-2<=$C$11,$C$34+$C$37*COS(RADIANS((ROW()-3)*360/$C$11)),NA()) -> 572.9899 | W10: =IF(ROW()-2<=$C$11,$C$34+$C$37*SIN(RADIANS((ROW()-3)*360/$C$11)),NA()) -> 177.0101
A11: Número de barras longitudinales | B11: n_l | C11: 8 | D11: - | E11: 9.8.5(3) | F11: ≥ 6 barras | Q11: =(ROW()-3)*10 -> 80 | R11: =$C$34+$C$34*COS(RADIANS(Q11)) -> 440.11807 | S11: =$C$34+$C$34*SIN(RADIANS(Q11)) -> 744.30291 | T11: =$C$34+($C$34-$C$10)*COS(RADIANS(Q11)) -> 427.09445 | U11: =$C$34+($C$34-$C$10)*SIN(RADIANS(Q11)) -> 670.44233 | V11: =IF(ROW()-2<=$C$11,$C$34+$C$37*COS(RADIANS((ROW()-3)*360/$C$11)),NA()) -> #N/A | W11: =IF(ROW()-2<=$C$11,$C$34+$C$37*SIN(RADIANS((ROW()-3)*360/$C$11)),NA()) -> #N/A
A12: Diámetro barra longitudinal | B12: Ø_l | C12: 20 | D12: mm | E12: 9.8.5(3) | F12: ≥ 16 mm | Q12: =(ROW()-3)*10 -> 90 | R12: =$C$34+$C$34*COS(RADIANS(Q12)) -> 375 | S12: =$C$34+$C$34*SIN(RADIANS(Q12)) -> 750 | T12: =$C$34+($C$34-$C$10)*COS(RADIANS(Q12)) -> 375 | U12: =$C$34+($C$34-$C$10)*SIN(RADIANS(Q12)) -> 675 | V12: =IF(ROW()-2<=$C$11,$C$34+$C$37*COS(RADIANS((ROW()-3)*360/$C$11)),NA()) -> #N/A | W12: =IF(ROW()-2<=$C$11,$C$34+$C$37*SIN(RADIANS((ROW()-3)*360/$C$11)),NA()) -> #N/A
A13: Diámetro de la espiral / cerco | B13: Ø_w | C13: 10 | D13: mm | E13: DIN EN 1536, 7.5.2 | F13: ≥ 6 mm | Q13: =(ROW()-3)*10 -> 100 | R13: =$C$34+$C$34*COS(RADIANS(Q13)) -> 309.88193 | S13: =$C$34+$C$34*SIN(RADIANS(Q13)) -> 744.30291 | T13: =$C$34+($C$34-$C$10)*COS(RADIANS(Q13)) -> 322.90555 | U13: =$C$34+($C$34-$C$10)*SIN(RADIANS(Q13)) -> 670.44233 | V13: =IF(ROW()-2<=$C$11,$C$34+$C$37*COS(RADIANS((ROW()-3)*360/$C$11)),NA()) -> #N/A | W13: =IF(ROW()-2<=$C$11,$C$34+$C$37*SIN(RADIANS((ROW()-3)*360/$C$11)),NA()) -> #N/A
A14: Paso de la espiral adoptado | B14: s_w | C14: 150 | D14: mm | E14: 9.2.2(6) / NA | Q14: =(ROW()-3)*10 -> 110 | R14: =$C$34+$C$34*COS(RADIANS(Q14)) -> 246.74245 | S14: =$C$34+$C$34*SIN(RADIANS(Q14)) -> 727.38473 | T14: =$C$34+($C$34-$C$10)*COS(RADIANS(Q14)) -> 272.39396 | U14: =$C$34+($C$34-$C$10)*SIN(RADIANS(Q14)) -> 656.90779 | V14: =IF(ROW()-2<=$C$11,$C$34+$C$37*COS(RADIANS((ROW()-3)*360/$C$11)),NA()) -> #N/A | W14: =IF(ROW()-2<=$C$11,$C$34+$C$37*SIN(RADIANS((ROW()-3)*360/$C$11)),NA()) -> #N/A
A15: Resistencia característica del hormigón | B15: f_ck | C15: =_xlfn.XLOOKUP(F15,Aceros_DIN!$A$35:$A$43,Aceros_DIN!$B$35:$B$43) -> 25 | D15: N/mm² | E15: Tab. 3.1 | F15: C25/30 | Q15: =(ROW()-3)*10 -> 120 | R15: =$C$34+$C$34*COS(RADIANS(Q15)) -> 187.5 | S15: =$C$34+$C$34*SIN(RADIANS(Q15)) -> 699.75953 | T15: =$C$34+($C$34-$C$10)*COS(RADIANS(Q15)) -> 225 | U15: =$C$34+($C$34-$C$10)*SIN(RADIANS(Q15)) -> 634.80762 | V15: =IF(ROW()-2<=$C$11,$C$34+$C$37*COS(RADIANS((ROW()-3)*360/$C$11)),NA()) -> #N/A | W15: =IF(ROW()-2<=$C$11,$C$34+$C$37*SIN(RADIANS((ROW()-3)*360/$C$11)),NA()) -> #N/A
A16: Límite elástico del acero | B16: f_yk | C16: =_xlfn.XLOOKUP(F16,Aceros_DIN!$A$47:$A$49,Aceros_DIN!$B$47:$B$49) -> 500 | D16: N/mm² | E16: 3.2.2 (B500) | F16: B500B | Q16: =(ROW()-3)*10 -> 130 | R16: =$C$34+$C$34*COS(RADIANS(Q16)) -> 133.95465 | S16: =$C$34+$C$34*SIN(RADIANS(Q16)) -> 662.26667 | T16: =$C$34+($C$34-$C$10)*COS(RADIANS(Q16)) -> 182.16372 | U16: =$C$34+($C$34-$C$10)*SIN(RADIANS(Q16)) -> 604.81333 | V16: =IF(ROW()-2<=$C$11,$C$34+$C$37*COS(RADIANS((ROW()-3)*360/$C$11)),NA()) -> #N/A | W16: =IF(ROW()-2<=$C$11,$C$34+$C$37*SIN(RADIANS((ROW()-3)*360/$C$11)),NA()) -> #N/A
A17: Coef. parcial hormigón | B17: γ_c | C17: 1.5 | D17: - | E17: Tab. 2.1DE (NA) | Q17: =(ROW()-3)*10 -> 140 | R17: =$C$34+$C$34*COS(RADIANS(Q17)) -> 87.733334 | S17: =$C$34+$C$34*SIN(RADIANS(Q17)) -> 616.04535 | T17: =$C$34+($C$34-$C$10)*COS(RADIANS(Q17)) -> 145.18667 | U17: =$C$34+($C$34-$C$10)*SIN(RADIANS(Q17)) -> 567.83628 | V17: =IF(ROW()-2<=$C$11,$C$34+$C$37*COS(RADIANS((ROW()-3)*360/$C$11)),NA()) -> #N/A | W17: =IF(ROW()-2<=$C$11,$C$34+$C$37*SIN(RADIANS((ROW()-3)*360/$C$11)),NA()) -> #N/A
A18: Coef. parcial acero | B18: γ_s | C18: 1.15 | D18: - | E18: Tab. 2.1DE (NA) | Q18: =(ROW()-3)*10 -> 150 | R18: =$C$34+$C$34*COS(RADIANS(Q18)) -> 50.240474 | S18: =$C$34+$C$34*SIN(RADIANS(Q18)) -> 562.5 | T18: =$C$34+($C$34-$C$10)*COS(RADIANS(Q18)) -> 115.19238 | U18: =$C$34+($C$34-$C$10)*SIN(RADIANS(Q18)) -> 525 | V18: =IF(ROW()-2<=$C$11,$C$34+$C$37*COS(RADIANS((ROW()-3)*360/$C$11)),NA()) -> #N/A | W18: =IF(ROW()-2<=$C$11,$C$34+$C$37*SIN(RADIANS((ROW()-3)*360/$C$11)),NA()) -> #N/A
A19: Coef. de efectos de larga duración | B19: α_cc | C19: 0.85 | D19: - | E19: NA 3.1.6(1) | Q19: =(ROW()-3)*10 -> 160 | R19: =$C$34+$C$34*COS(RADIANS(Q19)) -> 22.615267 | S19: =$C$34+$C$34*SIN(RADIANS(Q19)) -> 503.25755 | T19: =$C$34+($C$34-$C$10)*COS(RADIANS(Q19)) -> 93.092214 | U19: =$C$34+($C$34-$C$10)*SIN(RADIANS(Q19)) -> 477.60604 | V19: =IF(ROW()-2<=$C$11,$C$34+$C$37*COS(RADIANS((ROW()-3)*360/$C$11)),NA()) -> #N/A | W19: =IF(ROW()-2<=$C$11,$C$34+$C$37*SIN(RADIANS((ROW()-3)*360/$C$11)),NA()) -> #N/A
A20: Longitud de pandeo (0 = no considerar 2º orden) | B20: l_0 | C20: 3000 | D20: mm | E20: 5.8.3.2 | Q20: =(ROW()-3)*10 -> 170 | R20: =$C$34+$C$34*COS(RADIANS(Q20)) -> 5.6970926 | S20: =$C$34+$C$34*SIN(RADIANS(Q20)) -> 440.11807 | T20: =$C$34+($C$34-$C$10)*COS(RADIANS(Q20)) -> 79.557674 | U20: =$C$34+($C$34-$C$10)*SIN(RADIANS(Q20)) -> 427.09445 | V20: =IF(ROW()-2<=$C$11,$C$34+$C$37*COS(RADIANS((ROW()-3)*360/$C$11)),NA()) -> #N/A | W20: =IF(ROW()-2<=$C$11,$C$34+$C$37*SIN(RADIANS((ROW()-3)*360/$C$11)),NA()) -> #N/A
A21: cot θ adoptado (0 = automático según NA) | B21: cot θ | C21: 0 | D21: - | E21: NA 6.2.3(2), ec. (6.7aDE) | Q21: =(ROW()-3)*10 -> 180 | R21: =$C$34+$C$34*COS(RADIANS(Q21)) -> 0 | S21: =$C$34+$C$34*SIN(RADIANS(Q21)) -> 375 | T21: =$C$34+($C$34-$C$10)*COS(RADIANS(Q21)) -> 75 | U21: =$C$34+($C$34-$C$10)*SIN(RADIANS(Q21)) -> 375 | V21: =IF(ROW()-2<=$C$11,$C$34+$C$37*COS(RADIANS((ROW()-3)*360/$C$11)),NA()) -> #N/A | W21: =IF(ROW()-2<=$C$11,$C$34+$C$37*SIN(RADIANS((ROW()-3)*360/$C$11)),NA()) -> #N/A
Q22: =(ROW()-3)*10 -> 190 | R22: =$C$34+$C$34*COS(RADIANS(Q22)) -> 5.6970926 | S22: =$C$34+$C$34*SIN(RADIANS(Q22)) -> 309.88193 | T22: =$C$34+($C$34-$C$10)*COS(RADIANS(Q22)) -> 79.557674 | U22: =$C$34+($C$34-$C$10)*SIN(RADIANS(Q22)) -> 322.90555 | V22: =IF(ROW()-2<=$C$11,$C$34+$C$37*COS(RADIANS((ROW()-3)*360/$C$11)),NA()) -> #N/A | W22: =IF(ROW()-2<=$C$11,$C$34+$C$37*SIN(RADIANS((ROW()-3)*360/$C$11)),NA()) -> #N/A
A23: 2. MATERIALES | Q23: =(ROW()-3)*10 -> 200 | R23: =$C$34+$C$34*COS(RADIANS(Q23)) -> 22.615267 | S23: =$C$34+$C$34*SIN(RADIANS(Q23)) -> 246.74245 | T23: =$C$34+($C$34-$C$10)*COS(RADIANS(Q23)) -> 93.092214 | U23: =$C$34+($C$34-$C$10)*SIN(RADIANS(Q23)) -> 272.39396 | V23: =IF(ROW()-2<=$C$11,$C$34+$C$37*COS(RADIANS((ROW()-3)*360/$C$11)),NA()) -> #N/A | W23: =IF(ROW()-2<=$C$11,$C$34+$C$37*SIN(RADIANS((ROW()-3)*360/$C$11)),NA()) -> #N/A
A24: Resistencia de diseño del hormigón | B24: f_cd | C24: =C19*C15/C17 -> 14.166667 | D24: N/mm² | E24: 3.1.6(1), ec. (3.15) | F24: f_cd = α_cc · f_ck / γ_c | Q24: =(ROW()-3)*10 -> 210 | R24: =$C$34+$C$34*COS(RADIANS(Q24)) -> 50.240474 | S24: =$C$34+$C$34*SIN(RADIANS(Q24)) -> 187.5 | T24: =$C$34+($C$34-$C$10)*COS(RADIANS(Q24)) -> 115.19238 | U24: =$C$34+($C$34-$C$10)*SIN(RADIANS(Q24)) -> 225 | V24: =IF(ROW()-2<=$C$11,$C$34+$C$37*COS(RADIANS((ROW()-3)*360/$C$11)),NA()) -> #N/A | W24: =IF(ROW()-2<=$C$11,$C$34+$C$37*SIN(RADIANS((ROW()-3)*360/$C$11)),NA()) -> #N/A
A25: Resistencia media a tracción | B25: f_ctm | C25: =IF(C15<=50,0.3*C15^(2/3),2.12*LN(1+(C15+8)/10)) -> 2.5649639 | D25: N/mm² | E25: Tab. 3.1 | Q25: =(ROW()-3)*10 -> 220 | R25: =$C$34+$C$34*COS(RADIANS(Q25)) -> 87.733334 | S25: =$C$34+$C$34*SIN(RADIANS(Q25)) -> 133.95465 | T25: =$C$34+($C$34-$C$10)*COS(RADIANS(Q25)) -> 145.18667 | U25: =$C$34+($C$34-$C$10)*SIN(RADIANS(Q25)) -> 182.16372 | V25: =IF(ROW()-2<=$C$11,$C$34+$C$37*COS(RADIANS((ROW()-3)*360/$C$11)),NA()) -> #N/A | W25: =IF(ROW()-2<=$C$11,$C$34+$C$37*SIN(RADIANS((ROW()-3)*360/$C$11)),NA()) -> #N/A
A26: Límite elástico de diseño del acero | B26: f_yd | C26: =C16/C18 -> 434.78261 | D26: N/mm² | E26: 3.2.7(2), Fig. 3.8 | Q26: =(ROW()-3)*10 -> 230 | R26: =$C$34+$C$34*COS(RADIANS(Q26)) -> 133.95465 | S26: =$C$34+$C$34*SIN(RADIANS(Q26)) -> 87.733334 | T26: =$C$34+($C$34-$C$10)*COS(RADIANS(Q26)) -> 182.16372 | U26: =$C$34+($C$34-$C$10)*SIN(RADIANS(Q26)) -> 145.18667 | V26: =IF(ROW()-2<=$C$11,$C$34+$C$37*COS(RADIANS((ROW()-3)*360/$C$11)),NA()) -> #N/A | W26: =IF(ROW()-2<=$C$11,$C$34+$C$37*SIN(RADIANS((ROW()-3)*360/$C$11)),NA()) -> #N/A
A27: Módulo de elasticidad del acero | B27: E_s | C27: 200000 | D27: N/mm² | E27: 3.2.7(4) | Q27: =(ROW()-3)*10 -> 240 | R27: =$C$34+$C$34*COS(RADIANS(Q27)) -> 187.5 | S27: =$C$34+$C$34*SIN(RADIANS(Q27)) -> 50.240474 | T27: =$C$34+($C$34-$C$10)*COS(RADIANS(Q27)) -> 225 | U27: =$C$34+($C$34-$C$10)*SIN(RADIANS(Q27)) -> 115.19238
A28: Deformación de fluencia de diseño | B28: ε_yd | C28: =C26/C27 -> 0.002173913 | D28: - | E28: 3.2.7(2) | Q28: =(ROW()-3)*10 -> 250 | R28: =$C$34+$C$34*COS(RADIANS(Q28)) -> 246.74245 | S28: =$C$34+$C$34*SIN(RADIANS(Q28)) -> 22.615267 | T28: =$C$34+($C$34-$C$10)*COS(RADIANS(Q28)) -> 272.39396 | U28: =$C$34+($C$34-$C$10)*SIN(RADIANS(Q28)) -> 93.092214
A29: Deformación última del hormigón (flexión) | B29: ε_cu2 | C29: 3.5 | D29: ‰ | E29: Tab. 3.1 / 3.1.7(3) | Q29: =(ROW()-3)*10 -> 260 | R29: =$C$34+$C$34*COS(RADIANS(Q29)) -> 309.88193 | S29: =$C$34+$C$34*SIN(RADIANS(Q29)) -> 5.6970926 | T29: =$C$34+($C$34-$C$10)*COS(RADIANS(Q29)) -> 322.90555 | U29: =$C$34+($C$34-$C$10)*SIN(RADIANS(Q29)) -> 79.557674
A30: Deformación del hormigón en compresión centrada | B30: ε_c2 | C30: 2 | D30: ‰ | E30: Tab. 3.1 (pivote C, 6.1 Fig. 6.1) | Q30: =(ROW()-3)*10 -> 270 | R30: =$C$34+$C$34*COS(RADIANS(Q30)) -> 375 | S30: =$C$34+$C$34*SIN(RADIANS(Q30)) -> 0 | T30: =$C$34+($C$34-$C$10)*COS(RADIANS(Q30)) -> 375 | U30: =$C$34+($C$34-$C$10)*SIN(RADIANS(Q30)) -> 75
A31: Deformación última del acero | B31: ε_ud | C31: 25 | D31: ‰ | E31: NA 3.2.7(2): ε_ud = 25 ‰ | Q31: =(ROW()-3)*10 -> 280 | R31: =$C$34+$C$34*COS(RADIANS(Q31)) -> 440.11807 | S31: =$C$34+$C$34*SIN(RADIANS(Q31)) -> 5.6970926 | T31: =$C$34+($C$34-$C$10)*COS(RADIANS(Q31)) -> 427.09445 | U31: =$C$34+($C$34-$C$10)*SIN(RADIANS(Q31)) -> 79.557674
Q32: =(ROW()-3)*10 -> 290 | R32: =$C$34+$C$34*COS(RADIANS(Q32)) -> 503.25755 | S32: =$C$34+$C$34*SIN(RADIANS(Q32)) -> 22.615267 | T32: =$C$34+($C$34-$C$10)*COS(RADIANS(Q32)) -> 477.60604 | U32: =$C$34+($C$34-$C$10)*SIN(RADIANS(Q32)) -> 93.092214
A33: 3. GEOMETRÍA DE LA SECCIÓN | Q33: =(ROW()-3)*10 -> 300 | R33: =$C$34+$C$34*COS(RADIANS(Q33)) -> 562.5 | S33: =$C$34+$C$34*SIN(RADIANS(Q33)) -> 50.240474 | T33: =$C$34+($C$34-$C$10)*COS(RADIANS(Q33)) -> 525 | U33: =$C$34+($C$34-$C$10)*SIN(RADIANS(Q33)) -> 115.19238
A34: Radio exterior | B34: r | C34: =C9/2 -> 375 | D34: mm | Q34: =(ROW()-3)*10 -> 310 | R34: =$C$34+$C$34*COS(RADIANS(Q34)) -> 616.04535 | S34: =$C$34+$C$34*SIN(RADIANS(Q34)) -> 87.733334 | T34: =$C$34+($C$34-$C$10)*COS(RADIANS(Q34)) -> 567.83628 | U34: =$C$34+($C$34-$C$10)*SIN(RADIANS(Q34)) -> 145.18667
A35: Área de hormigón | B35: A_c | C35: =PI()*C9^2/4 -> 441786.47 | D35: mm² | Q35: =(ROW()-3)*10 -> 320 | R35: =$C$34+$C$34*COS(RADIANS(Q35)) -> 662.26667 | S35: =$C$34+$C$34*SIN(RADIANS(Q35)) -> 133.95465 | T35: =$C$34+($C$34-$C$10)*COS(RADIANS(Q35)) -> 604.81333 | U35: =$C$34+($C$34-$C$10)*SIN(RADIANS(Q35)) -> 182.16372
A36: Distancia del borde al eje de barras | B36: d_1 | C36: =C10+C13+C12/2 -> 95 | D36: mm | E36: 4.4.1 | Q36: =(ROW()-3)*10 -> 330 | R36: =$C$34+$C$34*COS(RADIANS(Q36)) -> 699.75953 | S36: =$C$34+$C$34*SIN(RADIANS(Q36)) -> 187.5 | T36: =$C$34+($C$34-$C$10)*COS(RADIANS(Q36)) -> 634.80762 | U36: =$C$34+($C$34-$C$10)*SIN(RADIANS(Q36)) -> 225
A37: Radio del círculo de armadura | B37: r_s | C37: =C34-C36 -> 280 | D37: mm | Q37: =(ROW()-3)*10 -> 340 | R37: =$C$34+$C$34*COS(RADIANS(Q37)) -> 727.38473 | S37: =$C$34+$C$34*SIN(RADIANS(Q37)) -> 246.74245 | T37: =$C$34+($C$34-$C$10)*COS(RADIANS(Q37)) -> 656.90779 | U37: =$C$34+($C$34-$C$10)*SIN(RADIANS(Q37)) -> 272.39396
A38: Canto útil equivalente para cortante | B38: d | C38: =C34+2*C37/PI() -> 553.25354 | D38: mm | E38: 6.2.1 / DAfStb-Heft 600 | Q38: =(ROW()-3)*10 -> 350 | R38: =$C$34+$C$34*COS(RADIANS(Q38)) -> 744.30291 | S38: =$C$34+$C$34*SIN(RADIANS(Q38)) -> 309.88193 | T38: =$C$34+($C$34-$C$10)*COS(RADIANS(Q38)) -> 670.44233 | U38: =$C$34+($C$34-$C$10)*SIN(RADIANS(Q38)) -> 322.90555
A39: Brazo mecánico interno para cortante | B39: z | C39: =0.9*C38 -> 497.92818 | D39: mm | E39: 6.2.3(1) | Q39: =(ROW()-3)*10 -> 360 | R39: =$C$34+$C$34*COS(RADIANS(Q39)) -> 750 | S39: =$C$34+$C$34*SIN(RADIANS(Q39)) -> 375 | T39: =$C$34+($C$34-$C$10)*COS(RADIANS(Q39)) -> 675 | U39: =$C$34+($C$34-$C$10)*SIN(RADIANS(Q39)) -> 375
A40: Área de armadura longitudinal dispuesta | B40: A_s,prov | C40: =C11*PI()*C12^2/4 -> 2513.2741 | D40: mm²
A41: Separación libre entre barras longitudinales | B41: s_l | C41: =PI()*2*C37/C11-C12 -> 199.91149 | D41: mm | E41: 8.2 / DIN EN 1536, 7.5.2 | F41: ≥ 100 mm recomendado para hormigonado con tremie
A43: 4. ESBELTEZ, IMPERFECCIONES Y EFECTOS DE SEGUNDO ORDEN
A44: Radio de giro de la sección circular | B44: i | C44: =C9/4 -> 187.5 | D44: mm | E44: 5.8.3.2(1) | F44: i = D/4 para sección circular
A45: Esbeltez mecánica | B45: λ | C45: =IF(C20>0,C20/C44,0) -> 16 | D45: - | E45: 5.8.3.2(1), ec. (5.14)
A46: Esfuerzo axial relativo | B46: n | C46: =C6*1000/(C35*C24) -> 0.15977908 | D46: - | E46: 5.8.3.1(1), ec. (5.13N)
A47: Esbeltez límite | B47: λ_lim | C47: =IF(ABS(C46)<=0.41,25,16/SQRT(ABS(C46))) -> 25 | D47: - | E47: NA 5.8.3.1(1), ec. (5.13aDE) | F47: λ_lim = 25 si |n| ≤ 0,41 ; 16/√|n| en caso contrario
A48: ¿Se deben considerar efectos de 2º orden? | B48: - | C48: =IF(C45>C47,"SÍ (λ > λ_lim)","NO (λ ≤ λ_lim)") -> NO (λ ≤ λ_lim) | E48: 5.8.3.1(1)
A49: Excentricidad por imperfección geométrica | B49: e_i | C49: =C20/400 -> 7.5 | D49: mm | E49: 5.2(7), θ_i = 1/400
A50: Factor de esfuerzo axial (conservador = 1,0) | B50: K_r | C50: 1 | D50: - | E50: 5.8.8.3(3), ec. (5.36) | F50: K_r = (n_u − n)/(n_u − n_bal) ≤ 1; se adopta 1,0 del lado seguro
A51: Factor de fluencia (φ_ef) | B51: K_φ | C51: 1 | D51: - | E51: 5.8.8.3(4), ec. (5.37) | F51: K_φ = 1 + β·φ_ef ≥ 1; editar si se evalúa la fluencia
A52: Canto útil para curvatura (h/2 + i_s) | B52: d_χ | C52: =C34+C37 -> 655 | D52: mm | E52: 5.8.8.3(2)
A53: Curvatura de diseño | B53: 1/r | C53: =C50*C51*C28/(0.45*C52) -> 7.3754471e-06 | D53: 1/mm | E53: 5.8.8.3(1), ec. (5.34)
A54: Excentricidad de 2º orden | B54: e_2 | C54: =IF(C45>C47,C53*C20^2/10,0) -> 0 | D54: mm | E54: 5.8.8.2(3)+(4), c = 10 ≈ π²
A55: Excentricidad mínima | B55: e_0,min | C55: =MAX(C9/30,20) -> 25 | D55: mm | E55: 6.1(4)
A56: Momento de diseño total (para el armado) | B56: M_Ed,tot | C56: =MAX(C8+C6*(C49+C54)/1000,C6*C55/1000) -> 307.5 | D56: kNm | E56: 5.8.8.2(1), ec. (5.31) + 6.1(4) | F56: M_Ed,tot = M_Ed + N_Ed·(e_i + e_2) ≥ N_Ed·e_0,min
A58: 5. FLEXO-COMPRESIÓN — REFUERZO LONGITUDINAL (» Nomograma adimensional μ–ν–ω)
A59: Esfuerzo axial adimensional | B59: ν_Ed | C59: =C6*1000/(C35*C24) -> 0.15977908 | D59: - | E59: 6.1 / DAfStb-Heft 600 (diagramas de interacción) | F59: ν_Ed = N_Ed / (A_c·f_cd)
A60: Momento adimensional | B60: μ_Ed | C60: =C56*1000000/(C35*C9*C24) -> 0.065509423 | D60: - | E60: 6.1 / 3.1.7(3) bloque rectangular | F60: μ_Ed = M_Ed,tot / (A_c·h·f_cd)
A61: Cuantía mecánica necesaria (hoja Nomograma) | B61: ω | C61: =Nomograma!C28 -> 0.020955957 | D61: - | E61: Equilibrio 6.1 + 3.1.7(3) | F61: ω = A_s·f_yd/(A_c·f_cd), armadura repartida en anillo
A62: Posición relativa del eje neutro | B62: ξ = x/h | C62: =Nomograma!C22 -> 0.28 | D62: - | E62: Fig. 6.1 (dominios de deformación)
A63: Profundidad del eje neutro | B63: x | C63: =Nomograma!C23 -> 210 | D63: mm
A64: Estado de la solución | C64: =Nomograma!C27 -> OK — solución obtenida por interpolación
A65: Área de armadura longitudinal necesaria | B65: A_s,req | C65: =IFERROR(C61*C35*C24/C26,NA()) -> 301.65839 | D65: mm² | E65: 6.1 | F65: A_s = ω·A_c·f_cd/f_yd
A67: 6. CUANTÍAS LÍMITE Y DISPOSICIÓN DE LA ARMADURA LONGITUDINAL
A68: Armadura mínima de pilotes perforados | B68: A_s,min,pil | C68: =IF(C35<=500000,0.005*C35,IF(C35<=1000000,2500,0.0025*C35)) -> 2208.9323 | D68: mm² | E68: 9.8.5(3), Tab. 9.6N + NA | F68: A_c ≤ 0,5 m²: 0,5%·A_c ; 0,5–1,0 m²: 25 cm² ; > 1,0 m²: 0,25%·A_c
A69: Armadura mínima de soportes comprimidos | B69: A_s,min,col | C69: =0.15*ABS(C6)*1000/C26 -> 345 | D69: mm² | E69: 9.5.2(2), ec. (9.12N) | F69: A_s,min = 0,15·|N_Ed|/f_yd
A70: Armadura mínima determinante | B70: A_s,min | C70: =MAX(C68,C69) -> 2208.9323 | D70: mm² | E70: 9.5.2 / 9.8.5
A71: Armadura máxima | B71: A_s,max | C71: =0.09*C35 -> 39760.782 | D71: mm² | E71: NA 9.5.2(3) | F71: A_s,max = 0,09·A_c (también en zonas de solape)
A72: ARMADURA LONGITUDINAL NECESARIA (determinante) | B72: A_s,nec | C72: =MAX(IFERROR(C65,0),C70) -> 2208.9323 | D72: mm²
A73: Armadura dispuesta (n_l Ø_l) | B73: A_s,prov | C73: =C40 -> 2513.2741 | D73: mm² | F73: =C11&" Ø"&C12&" mm" -> 8 Ø20 mm
A74: Verificación A_s,prov ≥ A_s,nec | C74: =IF(C73>=C72,"OK","NO CUMPLE – aumentar nº o Ø de barras") -> OK | E74: 6.1
A75: Verificación A_s,prov ≤ A_s,max | C75: =IF(C73<=C71,"OK","NO CUMPLE – excede 0,09·A_c") -> OK | E75: NA 9.5.2(3)
A76: Verificación n_l ≥ 6 y Ø_l ≥ 16 mm | C76: =IF(AND(C11>=6,C12>=16),"OK","NO CUMPLE") -> OK | E76: 9.8.5(3)
A77: Verificación separación libre s_l ≥ 100 mm | C77: =IF(C41>=100,"OK","REVISAR – hormigonado con tubo tremie") -> OK | E77: DIN EN 1536, 7.5.2 / 8.2
A79: 7. VERIFICACIÓN A CORTANTE (6.2 + Anexo Nacional alemán)
A80: Ancho equivalente del alma | B80: b_w | C80: =C9 -> 750 | D80: mm | E80: 6.2.1 / DAfStb-Heft 600 | F80: Sección circular: b_w = D (con d según fila 38)
A81: Tensión normal media de compresión (≤ 0,2·f_cd) | B81: σ_cp | C81: =MIN(C6*1000/C35,0.2*C24) -> 2.263537 | D81: N/mm² | E81: 6.2.2(1), ec. (6.2a)
A82: Cuantía de armadura traccionada (≤ 2 %) | B82: ρ_l | C82: =MIN(C73/2/(C80*C38),0.02) -> 0.0030284779 | D82: - | E82: 6.2.2(1) | F82: Se considera efectiva la mitad del anillo (semicírculo traccionado)
A83: Factor de tamaño | B83: k | C83: =MIN(1+SQRT(200/C38),2) -> 1.601247 | D83: - | E83: 6.2.2(1)
A84: Coeficiente C_Rd,c | B84: C_Rd,c | C84: =0.15/C17 -> 0.1 | D84: - | E84: NA 6.2.2(1): C_Rd,c = 0,15/γ_c
A85: Coeficiente del esfuerzo axial | B85: k_1 | C85: 0.12 | D85: - | E85: NA 6.2.2(1): k_1 = 0,12
A86: Coeficiente κ_1 para v_min | B86: κ_1 | C86: =IF(C38<=600,0.0525,IF(C38>=800,0.0375,0.0525+(C38-600)*(0.0375-0.0525)/200)) -> 0.0525 | D86: - | E86: NA 6.2.2(1), ec. (6.3aDE) | F86: κ_1 = 0,0525 (d ≤ 600 mm) ; 0,0375 (d ≥ 800 mm)
A87: Resistencia unitaria mínima | B87: v_min | C87: =C86/C17*C83^1.5*SQRT(C15) -> 0.35458922 | D87: N/mm² | E87: NA 6.2.2(1), ec. (6.3aDE)
A88: Resistencia a cortante sin armadura transversal | B88: V_Rd,c | C88: =(MAX(C84*C83*(100*C82*C15)^(1/3),C87)+C85*C81)*C80*C38/1000 -> 259.84119 | D88: kN | E88: 6.2.2(1), ec. (6.2a) y (6.2b)
A89: ¿Se requiere armadura de cortante? | C89: =IF(C7>C88,"SÍ (V_Ed > V_Rd,c)","NO (V_Ed ≤ V_Rd,c) – disponer armadura mínima") -> SÍ (V_Ed > V_Rd,c) | E89: 6.2.1(3)
A90: Tensión longitudinal del hormigón (compresión negativa) | B90: σ_cd | C90: =-C6*1000/C35 -> -2.263537 | D90: N/mm² | E90: NA 6.2.3(2) | F90: σ_cd = −N_Ed/A_c en el centro de gravedad (signo EC2: compresión −)
A91: Contribución del hormigón al esfuerzo cortante | B91: V_Rd,cc | C91: =0.5*0.48*C15^(1/3)*(1-1.2*C90/C24)*C80*C39/1000 -> 312.31934 | D91: kN | E91: NA 6.2.3(2), ec. (6.7bDE), c = 0,5
A92: Inclinación de bielas calculada (límites 1,0 – 3,0) | B92: cot θ_calc | C92: =IF(C7<=0,1,IF((1-C91/C7)<=0,3,MEDIAN(1,(1.2+1.4*C90/C24)/(1-C91/C7),3))) -> 3 | D92: - | E92: NA 6.2.3(2), ec. (6.7aDE)
A93: Inclinación de bielas adoptada | B93: cot θ | C93: =IF(C21>0,MEDIAN(1,C21,3),C92) -> 3 | D93: - | E93: NA 6.2.3(2) | F93: Se usa el valor de la fila 21 si es > 0; en caso contrario el automático
A94: Factor de reducción de resistencia de la biela | B94: ν_1 | C94: 0.75 | D94: - | E94: NA 6.2.3(3): ν_1 = 0,75 (≤ C50/60)
A95: Resistencia máxima de la biela comprimida | B95: V_Rd,max | C95: =C80*C39*C94*C24/(C93+1/C93)/1000 -> 1190.3596 | D95: kN | E95: 6.2.3(3), ec. (6.9)
A96: Verificación V_Ed ≤ V_Rd,max | C96: =IF(C7<=C95,"OK","NO CUMPLE – aumentar D o f_ck") -> OK | E96: 6.2.3(3)
A97: Armadura transversal necesaria por cálculo | B97: (A_sw/s)_req | C97: =C7*1000/(C39*C26*C93) -> 0.461914 | D97: mm²/mm | E97: 6.2.3(3), ec. (6.8) | F97: A_sw/s = V_Ed/(z·f_ywd·cotθ)
A98: Cuantía mínima de armadura transversal | B98: ρ_w,min | C98: =0.16*C25/C16 -> 0.00082078845 | D98: - | E98: NA 9.2.2(5), ec. (9.5aDE) | F98: ρ_w,min = 0,16·f_ctm/f_yk
A99: Armadura transversal mínima | B99: (A_sw/s)_min | C99: =C98*C80 -> 0.61559134 | D99: mm²/mm | E99: 9.2.2(5)
A100: ARMADURA TRANSVERSAL DETERMINANTE | B100: (A_sw/s)_nec | C100: =MAX(C97,C99) -> 0.61559134 | D100: mm²/mm
